,name,age,position,club,nation,value,league,matches,Goals,Shots,On Target,Passes,Passing Accuracy,Key Passes,Crosses,Crosses accurate,Dribbles Attempts,Dribbles Success,Dribbled Past,Dribbles Dispossessed,Duels,Duels Won,Tackles,Interceptions,Blocks,Fouls Committed,Fouls Drawn,Yellow Cards,Red Cards,Saves,Inside Box Saves,Penalty Saved,Clean Sheets
0,E. Haaland,21,ST,Manchester City,Norway,€160M,Bundesliga,24,22,68,37,459,72%,23,8,1,24,13,1,16,136,66,1,1,2,17,14,3,0,0,0,0,4
1,M. Salah,30,RW,Liverpool,Egypt,€115.5M,Premier League,35,23,101,60,1078,78%,64,41,6,124,53,13,81,309,100,17,6,2,12,23,1,0,0,0,0,20
2,P. Foden,22,LW,Manchester City,England,€109.5M,Premier League,28,9,33,20,762,87%,36,74,13,67,38,14,15,206,110,22,11,0,12,34,0,0,0,0,0,12
3,K. De Bruyne,31,CM,Manchester City,Belgium,€107.5M,Premier League,30,15,56,31,1354,80%,87,180,30,55,31,25,20,210,101,32,6,2,21,27,2,0,0,0,0,15
4,Rúben Dias,25,CB,Manchester City,Portugal,€107.5M,Premier League,29,2,11,3,2266,93%,15,3,1,4,2,7,3,161,86,26,23,13,27,9,5,0,0,0,0,17
5,H. Kane,28,ST,Tottenham Hotspur,England,€105.5M,Premier League,37,17,97,55,875,69%,53,42,7,100,54,10,61,436,199,16,3,8,42,54,5,0,0,0,0,15
6,H. Son,29,LW,Tottenham Hotspur,Korea Republic,€101M,Premier League,35,23,69,49,1014,86%,73,192,42,88,48,18,46,266,115,15,13,6,14,36,2,0,0,0,0,16
7,Bernardo Silva,27,CAM,Manchester City,Portugal,€97.5M,Premier League,35,8,34,20,1885,89%,60,58,8,92,53,36,25,290,150,57,20,2,30,33,6,0,0,0,0,20
8,Rodri,26,CDM,Manchester City,Spain,€88.5M,Premier League,33,7,32,14,2857,92%,29,9,4,22,12,27,23,319,185,72,28,5,43,20,5,0,0,0,0,18
9,Ederson,28,GK,Manchester City,Brazil,€88M,Premier League,37,0,0,0,960,89%,0,0,0,0,0,2,0,22,16,2,0,0,1,4,3,0,60,39,0,20
10,T. Alexander-Arnold,23,RB,Liverpool,England,€86M,Premier League,32,2,36,15,2149,77%,90,274,83,39,19,33,19,178,81,40,44,3,12,7,2,0,0,0,0,18
11,Casemiro,30,CDM,Manchester United,Brazil,€86M,Premier League,5,0,3,1,137,74%,2,2,0,1,1,5,4,36,20,9,5,3,5,2,0,0,0,0,0,2
12,K. Havertz,23,CAM,Chelsea,Germany,€84.5M,Premier League,29,8,41,23,653,81%,21,8,2,42,18,10,32,250,97,17,4,1,40,25,3,0,0,0,0,13
13,V. van Dijk,30,CB,Liverpool,Netherlands,€84.5M,Premier League,34,3,29,14,2637,88%,9,0,0,8,6,5,3,198,145,16,32,14,9,8,3,0,0,0,0,21
14,João Cancelo,28,LB,Manchester City,Portugal,€82.5M,Premier League,36,1,50,23,2944,84%,39,125,21,106,56,45,24,424,222,83,59,3,34,26,7,0,0,0,0,19
15,Alisson,29,GK,Liverpool,Brazil,€79M,Premier League,36,0,0,0,1181,85%,1,0,0,1,1,2,0,25,22,3,0,0,0,2,0,0,76,50,0,20
16,Bruno Fernandes,27,CAM,Manchester United,Portugal,€72.5M,Premier League,36,10,55,29,1900,77%,91,148,39,52,26,65,40,340,146,54,17,1,33,47,10,0,0,0,0,8
17,B. Saka,20,RM,Arsenal,England,€72M,Premier League,32,5,38,20,978,81%,41,148,32,87,46,29,42,328,148,25,25,2,28,64,1,0,0,0,0,9
18,A. Robertson,28,LB,Liverpool,Scotland,€72M,Premier League,29,3,14,8,1926,84%,56,195,45,23,13,15,15,156,83,35,23,3,19,9,5,1,0,0,0,17
19,Diogo Jota,25,CF,Liverpool,Portugal,€72M,Premier League,35,15,71,33,741,76%,41,21,2,68,26,42,33,382,142,39,6,2,41,40,3,0,0,0,0,19
20,A. Laporte,28,CB,Manchester City,Spain,€64.5M,Premier League,33,4,30,8,2914,94%,9,5,2,8,6,6,7,160,101,33,21,10,14,10,5,1,0,0,0,18
21,N. Kanté,31,CDM,Chelsea,France,€64M,Premier League,26,2,12,9,1290,85%,24,11,1,49,35,15,28,210,118,58,30,2,22,11,2,0,0,0,0,12
22,M. Ødegaard,23,CAM,Arsenal,Norway,€63.5M,Premier League,36,7,33,21,1559,84%,77,59,18,46,25,39,48,266,108,49,11,1,27,20,4,0,0,0,0,13
23,D. Núñez,23,ST,Liverpool,Uruguay,€61.5M,Liga Portugal,29,6,52,22,380,68%,34,10,1,49,27,7,39,247,100,10,4,0,31,25,2,0,0,0,0,11
24,Fabinho,28,CDM,Liverpool,Brazil,€59.5M,Premier League,29,5,16,10,1533,86%,16,7,1,15,11,46,13,255,129,47,40,10,40,28,7,0,0,0,0,18
25,R. Sterling,27,LW,Chelsea,England,€57.5M,Premier League,30,13,46,28,820,82%,42,50,10,111,52,13,54,276,116,23,12,0,19,37,1,0,0,0,0,16
26,R. James,22,RWB,Chelsea,England,€57M,Premier League,11,4,10,6,469,81%,20,47,10,17,11,7,9,76,41,15,3,0,6,11,3,1,0,0,0,6
27,L. Díaz,25,LW,Liverpool,Colombia,€56M,Liga Portugal,18,14,46,26,628,80%,38,24,7,70,43,7,17,219,112,11,3,0,28,26,2,0,0,0,0,7
28,Thiago,31,CM,Liverpool,Spain,€55.5M,Premier League,25,1,11,6,1497,87%,29,4,1,32,19,32,13,199,111,48,26,2,19,13,2,0,0,0,0,16
29,W. Saliba,21,CB,Arsenal,France,€54M,Premier League 2 Division One,6,0,0,0,0,0%,0,0,0,0,0,0,0,0,0,0,0,0,0,0,1,0,0,0,0,1
30,Gabriel Jesus,25,ST,Arsenal,Brazil,€53.5M,Premier League,28,8,44,25,737,84%,38,24,4,71,46,20,27,242,111,18,14,0,26,26,1,0,0,0,0,15
31,J. Sancho,22,LW,Manchester United,England,€53M,Bundesliga,26,8,33,17,1304,82%,70,105,25,138,77,9,35,231,119,18,16,1,1,22,0,0,0,0,0,9
32,Y. Tielemans,25,CM,Leicester City,Belgium,€52.5M,Premier League,32,6,39,17,1707,82%,39,55,13,39,25,58,30,312,159,74,22,11,32,36,3,0,0,0,0,7
33,Bruno Guimarães,24,CM,Newcastle United,Brazil,€52M,Ligue 1,33,3,21,14,1427,88%,18,18,3,32,25,29,29,242,146,75,14,2,32,37,6,0,0,0,0,10
34,D. Rice,23,CDM,West Ham United,England,€52M,Premier League,36,1,19,8,2151,90%,24,30,6,72,50,33,20,312,182,80,63,21,28,10,8,0,0,0,0,8
35,É. Mendy,30,GK,Chelsea,Senegal,€51M,Premier League,34,0,0,0,802,82%,0,0,0,0,0,2,0,19,15,1,0,0,1,3,3,0,73,47,0,14
36,J. Maddison,25,RM,Leicester City,England,€50.5M,Premier League,35,12,54,34,954,80%,49,125,21,48,31,32,32,254,140,40,10,3,22,64,3,0,0,0,0,6
37,M. Mount,23,CAM,Chelsea,England,€49.5M,Premier League,36,6,59,27,1702,84%,87,170,60,81,43,44,41,392,183,75,31,1,50,44,2,0,0,0,0,17
38,C. Romero,24,CB,Tottenham Hotspur,Argentina,€49.5M,Serie A,31,2,12,7,1309,85%,9,0,0,14,7,22,7,368,214,63,96,7,70,32,10,0,0,0,0,8
39,Antony,22,RW,Manchester United,Brazil,€49M,Eredivisie,32,9,42,23,858,78%,35,87,28,74,43,17,21,209,103,23,7,0,14,29,2,0,0,0,0,14
40,C. Pulisic,23,LW,Chelsea,United States,€48M,Premier League,22,6,22,11,436,81%,15,14,2,55,25,14,27,190,78,10,5,0,15,31,2,0,0,0,0,9
41,I. Konaté,23,CB,Liverpool,France,€48M,Premier League,11,0,4,0,745,87%,0,0,0,3,2,3,1,89,55,17,17,9,10,3,2,0,0,0,0,4
42,Rúben Neves,25,CM,Wolverhampton Wanderers,Portugal,€47.5M,Premier League,33,4,32,16,1926,81%,26,44,10,32,26,62,17,262,126,69,41,5,25,12,9,0,0,0,0,10
43,P. Højbjerg,26,CDM,Tottenham Hotspur,Denmark,€47M,Premier League,36,2,20,11,2528,88%,26,18,4,59,41,47,22,313,181,78,48,13,28,39,3,0,0,0,0,16
44,K. Koulibaly,31,CB,Chelsea,Senegal,€46.5M,Serie A,27,3,9,7,1642,85%,10,2,0,22,20,13,3,200,119,39,29,25,28,12,5,1,0,0,0,12
45,J. Grealish,26,LW,Manchester City,England,€46M,Premier League,26,3,24,16,928,86%,53,32,7,67,39,8,29,236,126,18,8,1,17,55,3,0,0,0,0,14
46,Lucas Paquetá,24,CAM,West Ham United,Brazil,€46M,Premier League,5,0,6,3,151,82%,2,2,0,6,3,5,8,46,22,6,3,1,7,6,1,0,0,0,0,1
47,R. Varane,29,CB,Manchester United,France,€45M,Premier League,22,1,6,1,1146,86%,4,1,0,3,2,13,0,131,92,28,18,9,5,7,0,0,0,0,0,5
48,R. Mahrez,31,RW,Manchester City,Algeria,€44.5M,Premier League,28,11,44,23,825,90%,40,97,18,50,26,14,21,142,60,11,6,1,10,15,0,0,0,0,0,13
49,İ. Gündoğan,31,CM,Manchester City,Germany,€44M,Premier League,27,8,39,19,1266,91%,38,67,15,34,24,19,20,142,68,23,15,1,13,10,1,0,0,0,0,16
50,E. Smith Rowe,21,LM,Arsenal,England,€43M,Premier League 2 Division One,3,3,0,0,0,0%,0,0,0,0,0,0,0,0,0,0,0,0,0,0,0,0,0,0,0,2
51,M. Kovačić,28,CM,Chelsea,Croatia,€42M,Premier League,25,2,17,6,1190,88%,28,6,1,51,37,17,21,190,113,51,7,4,24,20,4,0,0,0,0,13
52,De Gea,31,GK,Manchester United,Spain,€42M,Premier League,38,0,0,0,785,70%,0,0,0,0,0,0,0,9,9,0,0,0,0,1,0,0,127,80,2,8
53,L. Martínez,24,CB,Manchester United,Argentina,€41.5M,Eredivisie,26,3,25,7,1601,86%,11,16,0,32,24,9,12,188,107,30,28,5,22,11,4,0,0,0,0,12
54,W. Ndidi,25,CDM,Leicester City,Nigeria,€41M,Premier League,19,0,9,4,931,80%,2,1,0,17,11,33,15,251,135,60,42,8,30,22,4,0,0,0,0,5
55,Jorginho,30,CM,Chelsea,Italy,€40.5M,Premier League,29,6,12,9,1878,89%,27,3,0,22,17,53,19,263,132,64,35,4,30,38,5,0,0,0,0,13
56,Gabriel Martinelli,21,LM,Arsenal,Brazil,€39.5M,Premier League,14,2,17,8,144,74%,9,12,5,25,13,6,7,78,31,7,8,0,9,4,0,0,0,0,0,6
57,D. Kulusevski,22,RW,Tottenham Hotspur,Sweden,€39.5M,Serie A,35,4,16,7,699,81%,53,59,19,72,43,28,45,288,116,33,9,0,41,29,7,0,0,0,0,7
58,Gonçalo Guedes,25,ST,Wolverhampton Wanderers,Portugal,€38.5M,La Liga,36,11,50,28,735,67%,43,111,32,123,62,20,46,360,173,21,9,0,37,74,3,0,0,0,0,11
59,K. Walker,32,RB,Manchester City,England,€37.5M,Premier League,20,0,4,2,1499,89%,14,35,6,14,7,9,6,98,53,15,14,4,7,12,1,0,0,0,0,11
60,M. Rashford,24,ST,Manchester United,England,€37.5M,Premier League,25,4,17,12,392,74%,9,22,1,53,22,11,26,163,56,6,5,1,13,18,2,0,0,0,0,6
61,B. Chilwell,25,LWB,Chelsea,England,€37M,Premier League,6,1,2,1,124,76%,1,8,1,2,1,3,5,34,21,8,2,0,3,4,0,0,0,0,0,1
62,T. Partey,29,CDM,Arsenal,Ghana,€36M,Premier League,24,2,30,10,1205,85%,17,3,0,43,35,26,17,227,118,43,23,4,33,17,6,0,0,0,0,11
63,J. Álvarez,22,ST,Manchester City,Argentina,€36M,Liga Profesional,10,2,10,5,261,76%,16,41,13,15,9,10,9,64,25,8,0,0,10,3,1,0,0,0,0,3
64,H. Ziyech,29,RW,Chelsea,Morocco,€35.5M,Premier League,23,4,36,19,632,79%,31,101,18,64,28,26,25,213,88,19,10,1,24,29,3,0,0,0,0,12
65,Roberto Firmino,30,CF,Liverpool,Brazil,€35.5M,Premier League,20,5,20,11,486,78%,16,8,1,32,16,13,25,147,59,23,4,0,7,6,3,0,0,0,0,9
66,R. Bentancur,25,CM,Tottenham Hotspur,Uruguay,€35.5M,Serie A,33,0,11,5,1813,90%,29,26,10,51,35,39,16,291,155,63,47,4,45,27,7,0,0,0,0,7
67,Gabriel,24,CB,Arsenal,Brazil,€35M,Premier League 2 Division One,1,0,0,0,0,0%,0,0,0,0,0,0,0,0,0,0,0,0,0,0,0,0,0,0,0,0
68,Matheus Nunes,23,CM,Wolverhampton Wanderers,Portugal,€35M,Liga Portugal,31,3,11,5,530,82%,7,12,2,42,33,9,21,209,118,21,13,1,33,47,5,0,0,0,0,19
69,A. Ramsdale,24,GK,Arsenal,England,€34.5M,Championship,2,0,0,0,71,71%,0,0,0,0,0,0,0,0,0,0,0,0,0,0,0,0,2,2,0,1
70,D. Zakaria,25,CDM,Chelsea,Switzerland,€34.5M,Serie A,9,1,7,4,161,79%,3,5,0,5,1,8,7,56,18,11,11,3,11,4,1,0,0,0,0,1
71,Cucurella,23,LB,Chelsea,Spain,€34.5M,Premier League,12,0,5,1,589,83%,18,41,10,17,8,10,2,103,63,30,6,2,10,11,3,0,0,0,0,4
72,J. Matip,30,CB,Liverpool,Cameroon,€34.5M,Premier League,31,3,26,9,2318,87%,13,1,0,10,9,11,7,256,174,47,44,14,13,11,2,0,0,0,0,17
73,J. Stones,28,CB,Manchester City,England,€34.5M,Premier League,14,1,6,5,975,91%,4,3,0,9,8,1,1,82,66,5,11,3,3,6,0,0,0,0,0,10
74,C. Eriksen,30,CM,Manchester United,Denmark,€34.5M,Serie A,0,0,0,0,0,0%,0,0,0,0,0,0,0,0,0,0,0,0,0,0,0,0,0,0,0,0
75,Richarlison,25,ST,Tottenham Hotspur,Brazil,€34.5M,Premier League,30,10,47,24,519,62%,29,37,5,82,40,16,55,512,213,40,12,4,36,68,8,0,0,0,0,7
76,J. Gomez,25,CB,Liverpool,England,€34M,Premier League,8,0,1,0,239,84%,3,19,4,8,4,4,2,47,26,10,5,1,5,2,2,0,0,0,0,3
77,G. Scamacca,23,ST,West Ham United,Italy,€33.5M,Serie A,36,16,65,37,539,70%,25,11,1,30,21,16,49,269,111,19,5,1,49,20,7,0,0,0,0,3
78,K. Tierney,25,LB,Arsenal,Scotland,€33M,Premier League 2 Division One,0,0,0,0,0,0%,0,0,0,0,0,0,0,0,0,0,0,0,0,0,0,0,0,0,0,0
79,W. Fofana,21,CB,Chelsea,France,€33M,Premier League,28,0,9,2,1681,85%,6,2,0,21,15,15,12,313,183,51,61,9,37,29,7,0,0,0,0,8
80,A. Isak,22,ST,Newcastle United,Sweden,€33M,Premier League,3,2,7,6,35,64%,3,0,0,5,2,1,2,29,13,4,1,0,4,3,0,0,0,0,0,1
81,A. Saint-Maximin,25,LM,Newcastle United,France,€32.5M,Premier League,35,5,46,26,674,74%,50,60,10,241,150,14,90,464,229,13,11,2,22,48,5,0,0,0,0,7
82,L. Sinisterra,23,LM,Leeds United,Colombia,€32M,Eredivisie,30,12,63,34,1170,82%,60,18,4,147,100,15,45,419,237,39,17,3,25,43,1,0,0,0,0,11
83,B. Kamara,22,CDM,Aston Villa,France,€31M,Ligue 1,34,1,15,3,2384,89%,24,8,1,26,15,21,14,286,165,70,46,10,39,42,5,0,0,0,0,13
84,Diogo Dalot,23,RB,Manchester United,Portugal,€31M,Premier League,24,0,12,4,957,79%,16,59,15,24,16,25,8,178,102,53,28,13,18,4,4,0,0,0,0,6
85,S. Botman,22,CB,Newcastle United,Netherlands,€31M,Ligue 1,37,0,13,5,2594,85%,5,1,0,9,7,11,20,266,180,31,58,9,14,25,2,0,0,0,0,20
86,Diego Carlos,29,CB,Aston Villa,Brazil,€30.5M,Premier League,2,0,3,0,125,80%,0,1,0,0,0,1,0,9,4,1,1,2,1,0,0,0,0,0,0,0
87,K. Phillips,26,CDM,Manchester City,England,€30.5M,Premier League 2 Division One,0,0,0,0,0,0%,0,0,0,0,0,0,0,0,0,0,0,0,0,0,0,0,0,0,0,0
88,K. Trippier,31,RB,Newcastle United,England,€30.5M,La Liga,15,0,1,0,629,78%,7,33,7,12,7,9,4,107,63,22,10,1,14,6,1,0,0,0,0,5
89,B. White,24,CB,Arsenal,England,€30M,Premier League,32,0,8,4,1810,83%,14,0,0,20,10,17,11,237,140,43,43,24,19,27,3,0,0,0,0,13
90,W. Zaha,29,LW,Crystal Palace,Côte d'Ivoire,€30M,Premier League,33,14,51,32,908,78%,47,48,14,152,75,21,110,506,228,40,5,1,37,101,5,0,0,0,0,11
91,Renan Lodi,24,LWB,Nottingham Forest,Brazil,€29.5M,Premier League,4,0,1,0,138,78%,2,18,1,8,4,3,3,36,20,6,9,0,5,7,1,0,0,0,0,0
92,M. Guéhi,21,CB,Crystal Palace,England,€29.5M,Championship,43,0,11,3,1978,74%,8,8,2,20,18,12,8,447,296,67,67,7,35,70,8,0,0,0,0,18
93,E. Martínez,29,GK,Aston Villa,Argentina,€29M,Premier League,36,0,0,0,937,71%,0,0,0,0,0,2,0,15,12,1,0,0,0,3,4,0,95,59,1,11
94,H. Barnes,24,LM,Leicester City,England,€29M,Premier League,32,6,45,24,704,76%,29,45,7,75,31,16,42,267,105,31,5,1,19,20,2,0,0,0,0,6
95,C. Gallagher,22,CM,Chelsea,England,€28.5M,Premier League,30,2,20,7,890,78%,20,66,11,55,30,68,36,400,196,81,27,4,43,63,11,0,0,0,0,6
96,Palhinha,26,CDM,Fulham,Portugal,€28.5M,Liga Portugal,27,3,19,11,1061,86%,11,7,1,24,14,25,19,317,192,83,28,3,55,56,6,1,0,0,0,15
97,J. Bowen,25,RM,West Ham United,England,€28M,Premier League,36,12,57,35,715,75%,42,141,28,88,50,27,51,370,167,36,21,2,25,43,6,0,0,0,0,8
98,L. Digne,28,LB,Aston Villa,France,€27.5M,Premier League,16,0,6,2,600,81%,30,101,25,13,3,10,13,126,55,13,22,8,18,16,2,0,0,0,0,7
99,L. Bailey,24,RW,Aston Villa,Jamaica,€27.5M,Premier League,18,1,14,8,187,80%,7,33,4,28,12,7,24,124,49,16,1,2,12,11,3,0,0,0,0,5
100,J. Ward-Prowse,27,CM,Southampton,England,€27.5M,Premier League,36,10,39,24,1828,84%,71,302,77,20,12,51,25,235,95,41,40,14,22,15,3,1,0,0,0,7
101,Ricardo Pereira,28,RB,Leicester City,Portugal,€27.5M,Premier League,14,1,6,2,539,77%,10,14,2,19,11,19,6,132,79,37,17,0,6,16,3,0,0,0,0,2
102,P. Aubameyang,33,ST,Chelsea,Gabon,€27M,Premier League,1,1,2,1,23,86%,1,0,0,0,0,0,0,3,0,0,1,0,0,0,0,0,0,0,0,0
103,E. Buendía,25,RM,Aston Villa,Argentina,€26.5M,Premier League,35,4,31,13,850,81%,48,34,5,63,40,30,41,287,141,38,10,4,17,44,1,0,0,0,0,9
104,Arthur,25,CM,Liverpool,Brazil,€26.5M,Premier League,0,0,0,0,0,0%,0,0,0,0,0,0,0,0,0,0,0,0,0,0,0,0,0,0,0,0
105,M. Akanji,26,CB,Manchester City,Switzerland,€26.5M,Bundesliga,26,1,12,3,1999,90%,2,3,0,9,8,10,1,182,116,33,35,14,19,24,3,0,0,0,0,3
106,Y. Bissouma,25,CDM,Tottenham Hotspur,Mali,€26.5M,Premier League,26,1,16,5,1178,88%,9,2,0,50,33,17,25,247,144,76,48,3,30,19,10,0,0,0,0,7
107,T. Souček,27,CDM,West Ham United,Czech Republic,€26.5M,Premier League,35,5,33,12,1344,75%,21,13,2,16,10,37,16,463,227,66,52,13,39,18,3,0,0,0,0,6
108,J. Pickford,28,GK,Everton,England,€26M,Premier League,35,0,0,0,1022,47%,5,0,0,1,1,1,0,20,18,1,1,0,0,6,2,0,117,69,0,7
109,Kepa,27,GK,Chelsea,Spain,€25.5M,Premier League,4,0,0,0,109,80%,0,0,0,0,0,0,0,2,2,0,0,0,0,1,0,0,11,8,0,2
110,Coutinho,30,CAM,Aston Villa,Brazil,€25M,La Liga,12,2,17,7,302,84%,1,19,3,20,13,7,16,75,34,6,4,0,7,13,1,0,0,0,0,3
111,A. Martial,26,ST,Manchester United,France,€25M,La Liga,9,0,6,3,151,82%,2,6,1,16,7,4,13,64,26,2,0,0,5,11,1,0,0,0,0,4
112,S. McTominay,25,CDM,Manchester United,Scotland,€25M,Premier League,32,4,15,8,1298,85%,17,12,2,35,26,13,17,283,167,51,29,3,47,42,3,0,0,0,0,13
113,T. Malacia,22,LB,Manchester United,Netherlands,€25M,Eredivisie,28,0,17,5,1198,84%,31,81,18,52,41,20,35,262,142,43,36,2,38,38,4,0,0,0,0,14
114,T. Tomiyasu,23,RB,Arsenal,Japan,€24.5M,Premier League,12,0,6,1,579,78%,9,23,7,11,6,6,9,120,69,24,14,2,10,6,1,0,0,0,0,6
115,N. Aguerd,26,CB,West Ham United,Morocco,€24.5M,Ligue 1,35,3,24,7,2706,89%,5,1,0,11,9,10,27,311,196,37,47,9,22,29,6,0,0,0,0,10
116,J. Henderson,32,CM,Liverpool,England,€24M,Premier League,35,2,21,6,2153,83%,40,56,16,25,16,27,12,159,77,36,23,1,23,7,3,0,0,0,0,19
117,N. Keïta,27,CM,Liverpool,Guinea,€24M,Premier League,23,3,15,7,742,86%,15,8,1,24,15,16,10,146,76,46,14,2,21,9,3,0,0,0,0,12
118,Fábio Vieira,22,CAM,Arsenal,Portugal,€23.5M,Liga Portugal 2,4,2,0,0,0,0%,0,0,0,0,0,0,0,0,0,0,0,0,0,0,1,0,0,0,0,0
119,D. Calvert-Lewin,25,ST,Everton,England,€23.5M,Premier League,17,5,27,13,272,58%,10,2,0,11,2,5,14,259,121,11,3,1,17,16,2,0,0,0,0,5
120,P. Estupiñán,24,LB,Brighton & Hove Albion,Ecuador,€23.5M,Premier League,7,0,1,0,177,82%,8,15,7,6,1,1,7,42,21,11,7,1,3,4,2,0,0,0,0,2
121,E. Konsa,24,CB,Aston Villa,England,€22.5M,Premier League,29,2,13,6,1005,85%,4,1,0,9,6,4,6,197,125,25,15,21,18,36,5,1,0,0,0,8
122,L. Shaw,26,LB,Manchester United,England,€22.5M,Premier League,20,0,5,1,921,83%,39,109,29,14,7,9,14,139,64,21,9,10,32,16,8,0,0,0,0,4
123,I. Perišić,33,LM,Tottenham Hotspur,Croatia,€22.5M,Serie A,35,8,36,18,1165,76%,57,150,37,45,26,21,8,232,125,38,46,7,29,6,4,0,0,0,0,13
124,K. Zouma,27,CB,West Ham United,France,€22.5M,Premier League,0,0,0,0,0,0%,0,0,0,0,0,0,0,0,0,0,0,0,0,0,0,0,0,0,0,2
125,L. Trossard,27,LM,Brighton & Hove Albion,Belgium,€22.5M,Premier League,34,8,50,27,1122,77%,47,51,14,80,55,26,73,292,124,34,15,4,24,26,2,0,0,0,0,10
126,G. Xhaka,29,CDM,Arsenal,Switzerland,€22M,Premier League,27,1,16,5,1543,86%,32,25,9,26,19,25,23,207,97,32,21,6,29,19,10,1,0,0,0,6
127,M. Cash,24,RB,Aston Villa,Poland,€22M,Premier League,38,4,28,13,1217,71%,29,98,19,59,33,31,31,372,202,89,49,17,38,37,8,0,0,0,0,11
128,B. Godfrey,24,CB,Everton,England,€22M,Premier League,23,0,14,7,705,73%,12,12,4,12,9,15,4,186,104,47,15,19,17,12,6,0,0,0,0,4
129,A. Wan-Bissaka,24,RB,Manchester United,England,€22M,Premier League,20,0,2,1,937,80%,14,35,8,61,36,6,13,208,117,49,34,14,15,13,2,0,0,0,0,3
130,I. Toney,26,ST,Brentford,England,€22M,Premier League,33,12,64,30,733,58%,43,28,2,50,24,25,44,539,284,33,14,2,50,80,8,0,0,0,0,8
131,O. Zinchenko,25,LB,Arsenal,Ukraine,€21.5M,Premier League,15,0,10,4,971,89%,16,31,5,12,7,9,6,90,43,19,14,3,11,2,0,0,0,0,0,8
132,Pablo Fornals,26,CAM,West Ham United,Spain,€21.5M,Premier League,36,6,29,12,1314,77%,48,87,17,53,23,62,29,302,128,54,28,2,24,28,4,0,0,0,0,8
133,Pedro Neto,22,LW,Wolverhampton Wanderers,Portugal,€21.5M,Premier League,31,5,42,21,1019,88%,61,205,59,129,64,22,41,325,141,16,31,1,24,42,4,0,0,0,0,9
134,V. Lindelöf,27,CB,Manchester United,Sweden,€21M,Premier League,28,0,2,2,1376,88%,4,0,0,3,3,5,1,134,77,16,25,17,19,6,4,0,0,0,0,6
135,M. Olise,20,RW,Crystal Palace,France,€21M,Premier League,11,1,3,2,155,78%,6,28,3,12,2,5,8,47,14,4,0,0,8,4,2,0,0,0,0,3
136,I. Gueye,32,CDM,Everton,Senegal,€20.5M,Ligue 1,26,3,15,7,1376,92%,15,2,0,28,20,26,16,205,103,59,23,4,38,16,4,0,0,0,0,8
137,Fred,29,CM,Manchester United,Brazil,€20.5M,Premier League,28,4,11,9,1336,83%,28,3,1,36,21,57,25,270,129,63,32,12,31,30,5,0,0,0,0,8
138,D. van de Beek,25,CM,Manchester United,Netherlands,€20.5M,Premier League,7,1,3,1,242,83%,2,6,0,9,3,7,6,57,26,15,6,2,7,1,1,0,0,0,0,3
139,C. Wilson,30,ST,Newcastle United,England,€20.5M,Premier League,18,8,31,15,151,70%,10,3,1,21,10,3,27,186,70,9,3,2,27,22,4,0,0,0,0,2
140,N. Pope,30,GK,Newcastle United,England,€20.5M,Premier League,36,0,0,0,932,45%,2,0,0,0,0,2,0,22,20,0,2,0,0,2,1,0,121,79,0,9
141,Azpilicueta,32,CB,Chelsea,Spain,€20M,Premier League,27,1,8,4,1598,85%,17,47,6,19,15,19,10,200,115,51,24,9,25,5,3,0,0,0,0,9
142,R. Freuler,30,CM,Nottingham Forest,Switzerland,€20M,Serie A,29,1,13,6,1682,86%,23,25,5,34,19,40,24,277,136,69,35,8,43,28,9,0,0,0,0,8
143,E. Dier,28,CB,Tottenham Hotspur,England,€20M,Premier League,35,0,10,5,2313,86%,7,1,1,2,1,7,2,170,94,14,27,32,12,9,1,0,0,0,0,16
144,A. Areola,29,GK,West Ham United,France,€20M,Premier League,1,0,0,0,37,48%,0,0,0,0,0,0,0,0,0,0,0,0,0,0,0,0,2,2,0,0
145,José Sá,29,GK,Wolverhampton Wanderers,Portugal,€20M,Premier League,37,0,0,0,888,63%,3,0,0,3,3,2,0,34,29,2,2,0,3,12,3,0,121,87,0,11
146,C. Doucouré,22,CDM,Crystal Palace,Mali,€20M,Ligue 1,33,2,21,5,1439,86%,26,3,0,47,38,27,32,294,166,88,51,0,45,15,8,0,0,0,0,7
147,S. Kalajdžić,24,ST,Wolverhampton Wanderers,Austria,€19.5M,Bundesliga,33,16,53,29,659,65%,26,4,0,30,15,15,30,319,159,16,9,0,31,35,1,0,0,0,0,5
148,K. Walker-Peters,25,RB,Southampton,England,€19M,Premier League,32,1,15,7,1086,80%,24,50,6,93,62,11,44,333,194,58,37,8,27,47,5,0,0,0,0,6
149,A. Mitrović,27,ST,Fulham,Serbia,€19M,Championship,44,43,161,91,1212,75%,49,1,0,63,29,14,52,515,214,17,6,9,48,40,10,0,0,0,0,16
150,Douglas Luiz,24,CDM,Aston Villa,Brazil,€18.5M,Premier League,34,2,15,8,1438,85%,37,83,20,43,24,51,17,304,151,59,35,7,37,42,7,0,0,0,0,10
151,T. Adams,23,CDM,Leeds United,United States,€18.5M,Bundesliga,24,0,0,0,898,84%,7,2,0,23,13,18,9,135,71,23,16,1,19,15,5,0,0,0,0,8
152,I. Meslier,22,GK,Leeds United,France,€18.5M,Premier League,35,0,0,0,1080,77%,1,0,0,0,0,1,1,28,24,0,0,0,1,8,0,0,140,86,1,11
153,N. Aké,27,CB,Manchester City,Netherlands,€18.5M,Premier League,14,2,5,2,849,91%,2,1,0,2,0,2,3,83,55,16,8,5,9,2,0,0,0,0,0,9
154,D. Henderson,25,GK,Nottingham Forest,England,€18M,Premier League 2 Division One,2,0,0,0,0,0%,0,0,0,0,0,0,0,0,0,0,0,0,0,0,0,0,0,0,0,0
155,D. Sánchez,26,CB,Tottenham Hotspur,Colombia,€18M,Premier League,23,2,11,3,1121,85%,5,2,1,6,4,9,2,166,101,41,31,16,16,11,4,0,0,0,0,12
156,W. Faes,24,CB,Leicester City,Belgium,€18M,Premier League,3,0,2,0,252,86%,2,0,0,0,0,2,1,27,19,8,4,3,1,1,0,0,0,0,0,1
157,R. Jiménez,31,ST,Wolverhampton Wanderers,Mexico,€18M,Premier League,34,6,43,16,749,72%,38,10,3,87,36,23,57,434,177,30,13,5,43,48,7,0,0,0,0,10
158,D. Ings,29,ST,Aston Villa,England,€17.5M,Premier League,30,7,36,18,361,68%,15,13,0,31,10,24,21,194,72,23,6,2,16,12,4,0,0,0,0,10
159,J. Tarkowski,29,CB,Everton,England,€17.5M,Premier League,35,1,20,6,1176,69%,10,1,0,7,5,14,5,352,241,64,49,59,30,19,11,0,0,0,0,7
160,H. Maguire,29,CB,Manchester United,England,€17.5M,Premier League,30,1,19,10,1563,84%,4,2,0,5,4,12,5,199,132,34,32,29,21,19,8,0,0,0,0,6
161,M. Almirón,28,RW,Newcastle United,Paraguay,€17.5M,Premier League,30,1,17,7,485,78%,17,22,4,40,27,33,24,204,104,47,20,1,17,25,2,0,0,0,0,6
162,D. Ćaleta-Car,25,CB,Southampton,Croatia,€17.5M,Premier League,1,0,2,1,64,85%,1,0,0,0,0,0,0,5,1,1,1,1,0,0,0,0,0,0,0,0
163,C. Jones,21,CM,Liverpool,England,€17M,Premier League,5,1,2,1,222,94%,3,1,1,6,5,4,7,38,18,5,1,0,5,7,0,0,0,0,0,2
164,Lucas Moura,29,RW,Tottenham Hotspur,Brazil,€17M,Premier League,34,2,28,12,724,74%,35,33,6,92,56,27,33,311,166,25,17,0,20,37,4,0,0,0,0,14
165,M. Cornet,25,LM,West Ham United,Côte d'Ivoire,€17M,Ligue 1,1,0,0,0,35,85%,1,3,1,1,1,1,1,10,5,3,1,0,2,1,1,0,0,0,0,0
166,M. Damsgaard,21,LW,Brentford,Denmark,€17M,Serie A,35,2,16,8,673,75%,25,61,11,87,51,44,29,308,144,42,24,1,26,28,3,0,0,0,0,6
167,Adama Traoré,26,RW,Wolverhampton Wanderers,Spain,€16.5M,La Liga,11,0,7,3,129,82%,7,36,10,35,24,2,5,66,40,4,4,0,7,7,0,0,0,0,0,2
168,J. Andersen,26,CB,Crystal Palace,Denmark,€16.5M,Premier League,34,0,7,3,2332,80%,20,9,3,9,7,11,8,188,100,30,37,19,19,8,4,0,0,0,0,12
169,R. Sessegnon,22,LWB,Tottenham Hotspur,England,€16M,Premier League 2 Division One,1,0,0,0,0,0%,0,0,0,0,0,0,0,0,0,0,0,0,0,0,0,0,0,0,0,0
170,E. Eze,24,CAM,Crystal Palace,England,€16M,Premier League 2 Division One,2,0,0,0,0,0%,0,0,0,0,0,0,0,0,0,0,0,0,0,0,0,0,0,0,0,0
171,Robert Sánchez,24,GK,Brighton & Hove Albion,Spain,€16M,Premier League 2 Division One,3,0,0,0,0,0%,0,0,0,0,0,0,0,0,0,0,0,0,0,0,1,0,0,0,0,2
172,A. Mac Allister,23,CM,Brighton & Hove Albion,Argentina,€16M,Premier League,33,5,32,11,995,84%,32,66,15,42,21,39,23,284,149,65,13,7,30,39,4,0,0,0,0,10
173,M. Niakhaté,26,CB,Nottingham Forest,Senegal,€15.5M,Bundesliga,30,4,11,5,1363,76%,12,16,3,13,11,13,12,211,129,39,50,10,30,24,1,0,0,0,0,9
174,O. Skipp,21,CDM,Tottenham Hotspur,England,€15.5M,Championship,45,1,6,1,2501,87%,27,15,5,38,25,29,19,451,254,99,51,12,51,68,7,0,0,0,0,18
175,S. Benrahma,26,LM,West Ham United,Algeria,€15.5M,Premier League,32,8,42,22,762,81%,32,74,11,80,37,23,30,213,90,28,9,1,10,15,0,0,0,0,0,6
176,V. Coufal,29,RB,West Ham United,Czech Republic,€15.5M,Premier League,28,0,8,5,1046,70%,21,107,19,23,15,18,15,212,108,45,22,9,29,15,4,0,0,0,0,5
177,J. Vardy,35,ST,Leicester City,England,€15.5M,Premier League,25,15,47,26,251,75%,18,12,2,22,9,6,8,141,51,6,1,0,13,12,2,0,0,0,0,6
178,Ç. Söyüncü,26,CB,Leicester City,Turkey,€15.5M,Premier League,28,1,7,1,1920,83%,3,5,2,8,4,16,3,251,157,47,32,26,24,14,5,0,0,0,0,5
179,P. Daka,23,ST,Leicester City,Zambia,€15.5M,Premier League,23,5,21,16,220,76%,13,1,0,16,3,17,18,157,49,15,2,0,17,14,2,0,0,0,0,3
180,Daniel Podence,26,LW,Wolverhampton Wanderers,Portugal,€15.5M,Premier League,26,2,21,15,576,76%,36,50,12,65,34,13,34,182,79,18,10,1,8,25,2,0,0,0,0,9
181,J. McGinn,27,CM,Aston Villa,Scotland,€15M,Premier League,35,3,33,16,1237,78%,51,110,33,67,43,50,28,426,250,106,35,6,57,80,8,0,0,0,0,11
182,R. Kristensen,24,RB,Leeds United,Denmark,€15M,Bundesliga,29,7,34,17,1488,70%,34,97,19,76,39,13,16,273,164,39,31,7,15,17,1,0,0,0,0,14
183,J. Willock,22,CM,Newcastle United,England,€15M,Premier League 2 Division One,1,0,0,0,0,0%,0,0,0,0,0,0,0,0,0,0,0,0,0,0,0,0,0,0,0,0
184,C. Lenglet,27,CB,Tottenham Hotspur,France,€15M,La Liga,21,0,1,1,812,90%,2,1,0,2,1,5,2,92,40,19,13,3,19,4,4,0,0,0,0,6
185,Bryan Gil,21,LM,Tottenham Hotspur,Spain,€15M,La Liga,1,0,0,0,6,83%,0,1,0,0,0,0,0,4,2,1,0,0,1,0,0,0,0,0,0,8
186,T. Castagne,26,RB,Leicester City,Belgium,€15M,Premier League,27,1,6,3,1102,80%,15,40,10,19,6,16,10,211,119,67,28,9,15,7,1,0,0,0,0,4
187,M. Solomon,22,LM,Fulham,Israel,€15M,Premier League,1,0,0,0,3,66%,0,0,0,2,0,0,1,4,1,1,0,0,0,0,0,0,0,0,0,0
188,C. Coady,29,CB,Everton,England,€14.5M,Premier League,38,4,8,4,1676,88%,3,2,0,1,1,11,1,121,65,31,29,40,20,1,4,0,0,0,0,11
189,P. Bamford,28,ST,Leeds United,England,€14.5M,Premier League,6,0,8,4,51,78%,1,1,0,4,2,6,2,28,11,2,0,0,4,4,0,0,0,0,0,1
190,S. Ortega,29,GK,Manchester City,Germany,€14.5M,Bundesliga,33,0,0,0,1674,68%,5,0,0,0,0,1,1,10,7,1,0,0,0,3,1,0,126,91,0,6
191,F. Schär,30,CB,Newcastle United,Switzerland,€14.5M,Premier League 2 Divison Two,0,0,0,0,0,0%,0,0,0,0,0,0,0,0,0,0,0,0,0,0,0,0,0,0,0,0
192,T. Awoniyi,24,ST,Nottingham Forest,Nigeria,€14.5M,Bundesliga,31,15,60,33,459,67%,27,10,3,64,36,8,41,325,124,11,2,2,25,23,1,0,0,0,0,8
193,M. Salisu,23,CB,Southampton,Ghana,€14.5M,Premier League,12,0,4,1,360,82%,2,1,0,12,9,9,7,121,72,38,17,4,10,4,1,0,0,0,0,0
194,B. Davies,29,CB,Tottenham Hotspur,Wales,€14.5M,Premier League,29,1,12,7,1578,81%,11,19,5,11,7,13,10,237,128,36,30,19,31,18,6,0,0,0,0,12
195,R. Aït Nouri,21,LB,Wolverhampton Wanderers,France,€14.5M,Premier League,21,1,10,6,627,85%,14,61,12,54,26,14,19,178,79,29,15,0,15,19,1,0,0,0,0,5
196,M. Kilman,25,CB,Wolverhampton Wanderers,England,€14.5M,Premier League,18,0,5,2,745,82%,5,0,0,8,7,6,2,105,52,21,19,3,20,4,4,0,0,0,0,5
197,L. Dunk,30,CB,Brighton & Hove Albion,England,€14.5M,Premier League,29,1,13,7,1940,87%,3,3,1,5,5,6,3,153,100,10,27,28,9,4,3,1,0,0,0,10
198,Joelinton,25,CM,Newcastle United,Brazil,€14M,Premier League,35,4,31,14,911,79%,29,22,2,70,37,35,60,529,241,72,34,11,64,33,8,0,0,0,0,8
199,M. Lanzini,29,CAM,West Ham United,Argentina,€14M,Premier League 2 Division One,1,0,0,0,0,0%,0,0,0,0,0,0,0,0,0,0,0,0,0,0,1,0,0,0,0,0
200,M. Antonio,32,ST,West Ham United,Jamaica,€14M,Premier League,36,10,59,29,615,68%,46,63,13,93,50,11,72,489,204,23,3,1,50,52,7,0,0,0,0,8
201,D. Praet,28,CAM,Leicester City,Belgium,€14M,Serie A,23,2,16,9,524,78%,25,45,13,28,12,15,16,141,56,19,3,1,21,17,3,0,0,0,0,6
202,B. Leno,30,GK,Fulham,Germany,€14M,Premier League,4,0,0,0,101,61%,0,0,0,0,0,0,0,5,4,1,0,0,0,0,0,0,10,8,0,1
203,I. Diop,25,CB,Fulham,France,€14M,Premier League,13,0,2,2,477,84%,1,0,0,0,0,7,1,61,31,10,7,13,5,5,0,0,0,0,0,3
204,A. Doucouré,29,CM,Everton,Mali,€13.5M,Premier League,30,2,21,11,1080,79%,19,11,1,40,20,38,22,301,146,75,28,9,39,16,6,0,0,0,0,6
205,H. Elliott,19,CAM,Liverpool,England,€13.5M,Championship,40,7,28,14,1392,77%,68,107,21,62,35,24,25,204,91,21,20,1,10,28,3,0,0,0,0,8
206,Emerson Royal,23,RWB,Tottenham Hotspur,Brazil,€13.5M,La Liga,3,0,0,0,52,90%,0,2,0,1,0,1,0,12,6,3,2,0,3,3,0,0,0,0,0,0
207,O. Watkins,26,ST,Aston Villa,England,€13M,Premier League,35,11,52,32,673,70%,36,15,1,68,37,13,53,380,158,17,12,3,33,39,7,0,0,0,0,10
208,R. Loftus-Cheek,26,CM,Chelsea,England,€13M,Premier League,24,0,13,6,955,88%,18,7,2,60,42,9,33,244,147,29,11,6,18,41,1,0,0,0,0,9
209,K. Iheanacho,25,ST,Leicester City,Nigeria,€13M,Premier League,26,4,23,12,349,78%,17,6,2,33,16,11,21,156,53,10,4,1,17,11,1,0,0,0,0,3
210,Neto,32,GK,AFC Bournemouth,Brazil,€13M,La Liga,3,0,0,0,112,80%,1,0,0,0,0,0,0,0,0,0,0,0,0,0,0,0,10,4,0,0
211,M. Senesi,25,CB,AFC Bournemouth,Argentina,€13M,Eredivisie,34,3,12,4,2255,84%,12,3,2,27,25,27,12,338,205,85,86,14,45,23,5,0,0,0,0,13
212,J. Ramsey,21,CM,Aston Villa,England,€12.5M,Premier League,22,0,6,1,221,86%,6,8,2,12,7,10,12,84,35,10,4,1,13,11,0,0,0,0,0,8
213,A. Broja,20,ST,Chelsea,Albania,€12.5M,Eredivisie,30,10,31,17,301,74%,17,12,2,60,27,7,41,237,87,11,2,0,24,20,2,0,0,0,0,9
214,D. Gray,26,LM,Everton,England,€12.5M,Premier League,34,5,38,17,632,80%,42,129,34,106,55,12,36,261,121,30,15,2,12,32,3,0,0,0,0,7
215,A. Gordon,21,LM,Everton,England,€12.5M,Premier League 2 Division One,1,0,0,0,0,0%,0,0,0,0,0,0,0,0,0,0,0,0,0,0,0,0,0,0,0,1
216,J. Harrison,25,LM,Leeds United,England,€12.5M,Premier League,35,8,27,17,872,69%,42,142,18,114,54,43,66,405,153,57,21,1,29,23,3,0,0,0,0,3
217,B. Aaronson,21,CAM,Leeds United,United States,€12.5M,Bundesliga,20,5,18,8,416,71%,32,17,6,49,24,5,24,172,77,19,4,0,16,26,0,0,0,0,0,8
218,K. Tsimikas,26,LB,Liverpool,Greece,€12.5M,Premier League,13,0,5,2,512,80%,25,116,26,20,8,4,5,104,53,27,10,3,20,6,3,0,0,0,0,5
219,S. Aurier,29,RB,Nottingham Forest,Côte d'Ivoire,€12.5M,La Liga,19,0,7,2,631,86%,6,26,7,19,14,2,11,103,54,13,11,7,15,6,4,0,0,0,0,7
220,M. Gibbs-White,22,CAM,Nottingham Forest,England,€12.5M,Championship,37,12,70,34,1394,71%,61,90,25,117,48,16,50,477,187,26,10,1,37,54,7,0,0,0,0,16
221,B. Johnson,21,RW,Nottingham Forest,Wales,€12.5M,Championship,0,0,0,0,0,0%,0,0,0,0,0,0,0,0,0,0,0,0,0,0,0,0,0,0,0,0
222,Hwang Hee Chan,26,LW,Wolverhampton Wanderers,Korea Republic,€12.5M,Bundesliga,2,0,1,0,8,92%,0,0,0,3,2,0,0,7,5,0,1,0,0,2,0,0,0,0,0,1
223,Nélson Semedo,28,RB,Wolverhampton Wanderers,Portugal,€12.5M,Premier League 2 Divison Two,1,0,0,0,0,0%,0,0,0,0,0,0,0,0,0,0,0,0,0,0,0,0,0,0,0,0
224,T. Mings,29,CB,Aston Villa,England,€12M,Premier League,36,1,16,5,1652,78%,10,4,0,11,10,8,4,224,138,23,46,29,27,24,11,0,0,0,0,11
225,Thiago Silva,37,CB,Chelsea,Brazil,€12M,Premier League,32,3,13,5,2604,91%,7,2,1,7,6,11,3,162,105,32,44,31,12,12,2,0,0,0,0,11
226,M. Keane,29,CB,Everton,England,€12M,Premier League,32,3,16,6,1210,74%,8,1,0,8,7,17,2,249,156,46,61,29,16,7,3,0,0,0,0,7
227,D. Spence,21,RWB,Tottenham Hotspur,England,€12M,Premier League 2 Divison Two,1,0,0,0,0,0%,0,0,0,0,0,0,0,0,0,0,0,0,0,0,0,0,0,0,0,0
228,T. Lamptey,21,RWB,Brighton & Hove Albion,Ghana,€12M,Premier League,11,1,3,2,374,78%,10,34,10,29,13,7,6,124,63,17,19,1,21,28,3,0,0,0,0,3
229,D. McNeil,22,LM,Everton,England,€11.5M,Premier League,36,2,19,9,1104,78%,48,242,52,103,63,38,62,345,168,47,32,3,11,40,1,0,0,0,0,10
230,A. Onana,20,CDM,Everton,Belgium,€11.5M,2. Bundesliga,25,2,9,5,710,79%,9,1,1,19,17,7,6,218,140,51,22,1,37,31,7,0,0,0,0,6
231,D. Burn,30,CB,Newcastle United,England,€11.5M,Premier League,16,0,8,1,585,76%,4,0,0,0,0,4,3,137,89,15,20,14,11,6,4,0,0,0,0,9
232,M. Targett,26,LB,Newcastle United,England,€11.5M,Premier League,16,0,4,4,550,74%,20,74,24,16,9,13,5,127,81,41,25,4,9,12,1,0,0,0,0,9
233,T. Livramento,19,RB,Southampton,England,€11.5M,Premier League 2 Division One,20,2,0,0,0,0%,0,0,0,0,0,0,0,0,0,0,0,0,0,0,4,1,0,0,0,3
234,T. Mitchell,22,LB,Crystal Palace,England,€11.5M,Premier League 2 Divison Two,2,0,0,0,0,0%,0,0,0,0,0,0,0,0,0,0,0,0,0,0,0,0,0,0,0,1
235,P. Groß,31,CM,Brighton & Hove Albion,Germany,€11.5M,Premier League,29,2,17,9,1109,80%,60,189,59,17,9,21,15,136,58,28,18,8,15,6,1,0,0,0,0,10
236,J. Veltman,30,CB,Brighton & Hove Albion,Netherlands,€11.5M,Premier League,34,1,6,3,1576,78%,18,42,8,32,16,32,10,307,183,74,44,15,39,38,6,0,0,0,0,9
237,K. Ajer,24,CB,Brentford,Norway,€11.5M,Premier League,24,1,2,1,724,69%,8,17,3,18,13,8,7,170,107,29,26,11,12,16,5,0,0,0,0,7
238,R. Holding,26,CB,Arsenal,England,€11M,Premier League,15,1,3,1,476,87%,0,0,0,1,0,1,3,79,44,13,10,18,9,3,3,0,0,0,0,5
239,Y. Mina,27,CB,Everton,Colombia,€11M,Premier League,13,0,6,2,356,79%,1,3,1,0,0,3,1,76,51,12,11,9,5,9,3,0,0,0,0,2
240,P. Struijk,22,CB,Leeds United,Netherlands,€11M,Premier League 2 Division One,2,1,0,0,0,0%,0,0,0,0,0,0,0,0,0,0,0,0,0,0,0,0,0,0,0,1
241,E. Dennis,24,ST,Nottingham Forest,Nigeria,€11M,Premier League,6,1,3,1,42,77%,2,2,1,10,0,0,7,36,12,1,0,0,4,7,1,0,0,0,0,0
242,T. Adarabioyo,24,CB,Fulham,England,€11M,Championship,41,2,21,10,3062,86%,10,3,1,14,12,10,7,255,175,36,53,27,19,9,2,1,0,0,0,15
243,O. Edouard,24,ST,Crystal Palace,France,€11M,Premier League,28,6,32,18,416,74%,21,7,0,66,29,14,29,237,89,16,0,5,25,6,4,0,0,0,0,9
244,A. Sambi Lokonga,22,CDM,Arsenal,Belgium,€10.5M,Jupiler Pro League,33,3,15,6,1156,88%,16,1,0,16,16,9,8,126,71,24,21,0,18,37,4,0,0,0,0,8
245,T. Chalobah,22,CB,Chelsea,England,€10.5M,Ligue 1,29,2,12,3,1191,81%,8,11,1,52,38,26,9,254,152,45,69,5,20,26,5,0,0,0,0,3
246,V. Mykolenko,23,LB,Everton,Ukraine,€10.5M,Premier League,22,2,0,0,0,0%,0,0,0,0,0,0,0,0,0,0,0,0,0,0,1,0,0,0,0,14
247,A. Oxlade-Chamberlain,28,CM,Liverpool,England,€10.5M,Premier League,17,2,14,3,378,80%,10,26,4,17,12,11,10,83,35,15,6,2,10,3,0,0,0,0,0,9
248,J. Lingard,29,CAM,Nottingham Forest,England,€10.5M,Premier League,16,2,7,6,145,90%,8,8,0,6,2,4,5,34,15,9,0,0,5,4,1,0,0,0,0,1
249,N. Collins,21,CB,Wolverhampton Wanderers,Republic of Ireland,€10.5M,Championship,22,2,5,2,880,73%,12,29,8,22,15,6,9,174,108,25,26,7,17,10,2,1,0,0,0,10
250,A. Hickey,20,RB,Brentford,Scotland,€10.5M,Serie A,11,0,1,0,320,90%,2,7,2,16,7,10,8,82,39,12,15,1,11,14,3,1,0,0,0,1
251,Fábio Carvalho,19,CAM,Liverpool,Portugal,€10M,Premier League 2 Divison Two,13,11,0,0,0,0%,0,0,0,0,0,0,0,0,0,0,0,0,0,0,5,0,0,0,0,3
252,Emerson,27,LB,West Ham United,Italy,€10M,Ligue 1,29,1,10,5,1541,87%,31,69,22,46,30,12,6,218,140,45,28,8,15,23,3,1,0,0,0,6
253,K. Dewsbury-Hall,23,CM,Leicester City,England,€10M,Championship,39,3,32,15,1681,75%,66,202,58,74,48,35,39,341,176,58,46,6,26,31,3,0,0,0,0,12
254,Andreas Pereira,26,CAM,Fulham,Brazil,€10M,Serie A,13,2,17,6,406,83%,12,52,12,10,6,12,6,76,32,9,5,0,14,8,2,0,0,0,0,3
255,H. Wilson,25,RM,Fulham,Wales,€10M,Championship,41,10,71,31,1448,83%,106,163,38,78,38,28,29,350,186,60,27,1,38,73,6,1,0,0,0,16
256,J. Mateta,25,ST,Crystal Palace,France,€10M,Premier League,7,1,8,4,46,75%,4,0,0,3,2,2,2,28,12,2,1,0,5,2,1,0,0,0,0,1
257,D. Undav,25,ST,Brighton & Hove Albion,Germany,€10M,Jupiler Pro League,39,26,113,63,1033,73%,74,39,7,43,14,13,114,430,152,29,12,7,70,78,8,0,0,0,0,18
258,David Raya,26,GK,Brentford,Spain,€10M,Premier League,24,0,0,0,958,64%,1,0,0,0,0,0,0,14,11,0,0,0,1,2,1,0,79,43,0,8
259,M. Turner,28,GK,Arsenal,United States,€9.5M,Major League Soccer,5,0,0,0,139,79%,0,0,0,0,0,0,0,1,1,0,0,0,0,0,0,0,8,5,0,1
260,L. Augustinsson,28,LB,Aston Villa,Sweden,€9.5M,La Liga,19,0,3,2,422,83%,9,47,10,2,2,5,4,74,45,18,5,3,13,10,3,0,0,0,0,7
261,N. Maupay,25,ST,Everton,France,€9.5M,Premier League,32,8,44,15,603,79%,23,8,2,41,20,14,51,261,88,17,2,3,33,31,7,0,0,0,0,9
262,Marc Roca,25,CDM,Leeds United,Spain,€9.5M,Bundesliga,9,0,2,0,283,88%,5,5,2,6,3,6,3,43,16,9,6,0,10,4,0,0,0,0,0,5
263,R. Koch,25,CB,Leeds United,Germany,€9.5M,Premier League 2 Division One,0,0,0,0,0,0%,0,0,0,0,0,0,0,0,0,0,0,0,0,0,0,0,0,0,0,0
264,A. Elanga,20,RW,Manchester United,Sweden,€9.5M,Premier League,1,0,0,0,7,71%,0,0,0,0,0,0,0,3,2,0,1,0,1,0,0,0,0,0,0,1
265,C. Adams,25,ST,Southampton,Scotland,€9.5M,Premier League,30,7,39,24,460,68%,26,8,1,33,18,13,34,313,133,13,7,2,29,40,0,0,0,0,0,5
266,A. Cresswell,32,LB,West Ham United,England,€9.5M,Premier League,31,2,11,4,1707,81%,31,145,34,17,8,12,4,141,79,29,35,18,14,10,3,0,0,0,0,7
267,J. Justin,24,LB,Leicester City,England,€9.5M,Premier League 2 Division One,1,0,0,0,0,0%,0,0,0,0,0,0,0,0,0,0,0,0,0,0,0,0,0,0,0,0
268,B. Soumaré,23,CDM,Leicester City,France,€9.5M,Ligue 1,32,0,7,3,1551,87%,13,1,0,34,29,14,22,203,120,45,39,1,23,16,3,0,0,0,0,17
269,Jonny,28,RB,Wolverhampton Wanderers,Spain,€9.5M,Premier League,13,2,8,5,508,82%,11,14,6,25,14,9,19,123,67,25,12,3,10,16,1,0,0,0,0,2
270,J. Moder,23,CM,Brighton & Hove Albion,Poland,€9.5M,Premier League,12,0,8,3,263,71%,3,11,1,17,9,13,10,89,34,15,3,0,12,3,0,0,0,0,0,4
271,T. Strakosha,27,GK,Brentford,Albania,€9.5M,Serie A,23,0,0,0,645,82%,1,0,0,0,0,0,0,7,6,0,0,0,2,0,2,0,58,31,0,7
272,A. Iwobi,26,CAM,Everton,Nigeria,€9M,Premier League,28,2,15,6,694,80%,37,32,11,57,32,31,26,207,89,41,20,3,16,7,1,0,0,0,0,7
273,Sergio Gómez,21,LB,Manchester City,Spain,€9M,La Liga,29,0,7,2,337,77%,15,71,10,27,18,9,8,98,56,29,14,0,7,9,1,0,0,0,0,7
274,M. Doherty,30,RWB,Tottenham Hotspur,Republic of Ireland,€9M,Premier League,15,2,11,6,452,82%,15,20,6,10,6,6,6,78,44,18,13,2,11,4,0,0,0,0,0,7
275,C. Dawson,32,CB,West Ham United,England,€9M,Premier League,34,2,19,6,1273,79%,4,1,0,4,4,11,5,246,138,29,30,52,39,12,5,1,0,0,0,8
276,T. Kehrer,25,CB,West Ham United,Germany,€9M,Ligue 1,27,2,8,4,1163,94%,2,5,0,6,2,12,11,118,55,21,24,11,15,6,0,0,0,0,0,11
277,Vinícius,27,ST,Fulham,Brazil,€9M,Eredivisie,11,3,17,8,131,81%,15,3,0,16,7,5,10,65,25,6,1,0,4,4,1,0,0,0,0,1
278,C. Richards,22,CB,Crystal Palace,United States,€9M,3. Liga,8,0,0,0,0,0%,0,0,0,0,0,0,0,0,0,0,0,0,0,0,1,0,0,0,0,4
279,P. Billing,26,CM,AFC Bournemouth,Denmark,€9M,Championship,40,10,57,22,1213,74%,43,44,6,39,23,25,38,364,194,65,36,11,50,25,13,0,0,0,0,19
280,Rodrigo,31,CAM,Leeds United,Spain,€8.5M,Premier League 2 Division One,0,0,0,0,0,0%,0,0,0,0,0,0,0,0,0,0,0,0,0,0,0,0,0,0,0,0
281,O. Mangala,24,CM,Nottingham Forest,Belgium,€8.5M,Bundesliga,24,1,18,8,1000,84%,19,10,1,82,53,11,42,244,119,27,26,3,33,29,4,0,0,0,0,4
282,A. Bella Kotchap,20,CB,Southampton,Germany,€8.5M,2. Bundesliga,28,1,7,2,1260,75%,5,2,0,4,2,9,5,249,168,42,70,11,28,42,3,0,0,0,0,9
283,João Moutinho,35,CM,Wolverhampton Wanderers,Portugal,€8.5M,Premier League,35,2,15,7,1912,84%,39,108,29,22,17,73,20,278,122,75,34,8,36,15,4,0,0,0,0,10
284,M. Sanson,27,CM,Aston Villa,France,€8M,Premier League,10,0,1,0,155,70%,1,8,2,16,13,3,10,66,41,12,10,0,3,13,0,0,0,0,0,3
285,S. Longstaff,24,CM,Newcastle United,England,€8M,Premier League,24,1,11,2,590,80%,7,11,2,11,6,41,18,186,90,54,9,6,14,17,1,0,0,0,0,5
286,B. Johnson,22,RB,West Ham United,England,€8M,Premier League,9,1,3,1,275,71%,4,20,4,7,6,3,4,50,30,19,13,4,3,0,0,0,0,0,0,2
287,S. March,27,RM,Brighton & Hove Albion,England,€8M,Premier League,31,0,17,10,637,78%,35,94,26,38,23,15,29,204,90,30,18,3,31,20,1,0,0,0,0,9
288,A. Webster,27,CB,Brighton & Hove Albion,England,€8M,Premier League,22,2,7,3,1154,79%,1,6,1,12,10,7,1,136,96,26,18,16,16,4,5,0,0,0,0,7
289,B. Mbeumo,22,RW,Brentford,Cameroon,€8M,Championship,42,4,51,20,797,76%,59,138,47,78,36,20,48,399,175,40,28,0,37,58,0,0,0,0,0,16
290,D. Solanke,24,ST,AFC Bournemouth,England,€8M,Championship,46,29,115,60,820,77%,45,14,3,119,50,20,73,547,183,17,5,3,51,55,6,0,0,0,0,21
291,J. Bednarek,26,CB,Aston Villa,Poland,€7.5M,Premier League,31,4,15,7,1444,80%,6,1,1,1,1,14,4,224,139,32,72,27,30,15,10,0,0,0,0,7
292,T. Davies,24,CM,Everton,England,€7.5M,Premier League,6,1,3,2,81,74%,0,0,0,3,2,3,1,21,11,3,2,1,4,3,1,0,0,0,0,2
293,J. Aribo,25,CM,Southampton,Nigeria,€7.5M,Premiership,34,8,33,18,1365,81%,61,23,3,85,49,22,68,454,218,53,15,5,31,48,5,0,0,0,0,14
294,R. Perraud,24,LB,Southampton,France,€7.5M,Ligue 1,36,3,35,12,1550,79%,37,131,38,48,31,20,42,308,168,60,44,1,47,53,4,0,0,0,0,7
295,H. Lloris,35,GK,Tottenham Hotspur,France,€7.5M,Premier League,38,0,0,0,794,77%,2,0,0,0,0,1,0,19,16,1,1,0,0,2,2,0,97,60,0,16
296,Ayoze Pérez,28,RM,Leicester City,Spain,€7.5M,Premier League,14,2,8,6,148,80%,11,3,2,15,9,13,13,75,25,4,2,1,6,6,0,1,0,0,0,2
297,D. James,24,RM,Fulham,Wales,€7.5M,Premier League,4,0,4,0,49,85%,3,7,1,3,1,2,1,15,7,1,1,1,1,5,0,0,0,0,0,1
298,J. Schlupp,29,LM,Crystal Palace,Ghana,€7.5M,Premier League,32,4,23,9,639,75%,19,20,3,58,35,26,33,281,134,46,18,9,26,22,1,0,0,0,0,11
299,D. Brooks,24,RW,AFC Bournemouth,Wales,€7.5M,Championship,7,1,7,3,189,77%,4,5,1,29,15,4,9,62,22,3,4,0,9,4,2,0,0,0,0,3
300,Marquinhos,19,RM,Arsenal,Brazil,€7M,Serie A,15,0,10,6,124,75%,4,20,5,17,7,3,8,91,35,10,1,0,12,10,2,0,0,0,0,7
301,F. Guilbert,27,RB,Aston Villa,France,€7M,Premier League,0,0,0,0,0,0%,0,0,0,0,0,0,0,0,0,0,0,0,0,0,0,0,0,0,0,0
302,A. Townsend,30,RM,Everton,England,€7M,Premier League,21,3,16,10,393,78%,31,96,28,48,26,25,19,194,103,31,14,2,10,39,3,0,0,0,0,4
303,Junior Firpo,25,LB,Leeds United,Spain,€7M,Premier League,10,0,3,0,360,82%,8,12,2,8,5,5,0,76,45,22,8,0,16,6,3,0,0,0,0,3
304,J. Shelvey,30,CM,Newcastle United,England,€7M,Premier League 2 Divison Two,1,0,0,0,0,0%,0,0,0,0,0,0,0,0,0,0,0,0,0,0,0,0,0,0,0,0
305,C. Kouyaté,32,CDM,Nottingham Forest,Senegal,€7M,Premier League,27,0,6,0,799,79%,5,4,1,17,13,21,11,228,136,52,38,13,29,21,3,0,0,0,0,9
306,W. Boly,31,CB,Nottingham Forest,Côte d'Ivoire,€7M,Premier League,10,0,2,1,555,83%,1,0,0,6,3,7,3,90,50,25,13,6,7,2,1,0,0,0,0,1
307,S. Armstrong,30,RM,Southampton,Scotland,€7M,Premier League,23,2,26,9,696,79%,25,35,10,54,27,13,27,167,78,28,8,1,11,20,1,0,0,0,0,6
308,D. Amartey,27,CB,Leicester City,Ghana,€7M,Premier League,28,0,2,1,1531,90%,4,0,0,7,6,10,1,136,73,26,21,21,14,8,4,0,0,0,0,5
309,K. Mbabu,27,RB,Fulham,Switzerland,€7M,Bundesliga,24,0,3,0,635,72%,21,67,12,80,33,11,13,232,116,31,35,8,24,21,4,0,0,0,0,8
310,B. Mee,32,CB,Brentford,England,€7M,Premier League,21,3,16,4,752,70%,5,4,1,5,4,7,0,163,105,26,24,22,9,7,3,0,0,0,0,6
311,R. Henry,24,LB,Brentford,England,€7M,Premier League,34,3,11,5,1024,73%,18,74,19,60,27,22,34,256,109,28,26,10,20,27,2,0,0,0,0,9
312,M. Jensen,26,CM,Brentford,Denmark,€7M,Premier League,31,0,14,5,702,76%,35,79,31,24,15,39,15,160,62,34,22,3,19,6,1,0,0,0,0,5
313,M. Elneny,29,CDM,Arsenal,Egypt,€6.5M,Premier League,14,0,5,2,565,95%,9,0,0,1,0,5,3,47,27,16,14,1,5,5,1,0,0,0,0,3
314,L. Dendoncker,27,CM,Aston Villa,Belgium,€6.5M,Premier League,30,2,20,10,809,87%,11,5,0,10,5,28,9,170,83,41,9,9,13,6,4,0,0,0,0,9
315,M. Holgate,25,CB,Everton,England,€6.5M,Premier League,25,2,6,3,839,65%,3,4,0,4,2,15,7,193,113,35,25,16,26,15,7,1,0,0,0,6
316,L. Badé,22,CB,Nottingham Forest,France,€6.5M,Ligue 1,31,0,7,3,1946,83%,7,5,3,26,23,24,24,355,210,59,72,5,44,16,10,0,0,0,0,6
317,M. Rodák,25,GK,Fulham,Slovakia,€6.5M,Championship,33,0,0,0,784,75%,0,0,0,0,0,1,0,11,10,1,0,0,0,3,1,0,69,37,0,14
318,A. Robinson,24,LB,Fulham,United States,€6.5M,Championship,18,1,2,1,1010,80%,25,71,23,41,18,13,16,167,77,25,32,1,13,10,4,0,0,0,0,8
319,M. Caicedo,20,CDM,Brighton & Hove Albion,Ecuador,€6.5M,Jupiler Pro League,9,1,6,2,175,80%,6,5,0,21,9,5,7,67,31,12,4,1,8,8,1,0,0,0,0,3
320,C. Nørgaard,28,CDM,Brentford,Denmark,€6.5M,Premier League,35,3,20,9,1663,79%,29,13,3,27,18,49,26,414,210,109,63,9,56,33,7,0,0,0,0,8
321,Y. Wissa,25,LW,Brentford,Congo DR,€6.5M,Premier League,30,7,26,13,273,70%,9,11,1,30,19,15,6,144,73,12,8,5,8,22,0,0,0,0,0,7
322,V. Janelt,24,CM,Brentford,Germany,€6.5M,Premier League,31,4,19,11,948,76%,24,40,6,15,13,24,11,218,132,61,27,7,26,25,3,0,0,0,0,8
323,E. Pinnock,29,CB,Brentford,Jamaica,€6.5M,Premier League,32,1,13,9,1414,74%,12,21,4,11,9,13,7,316,215,50,45,11,9,14,1,0,0,0,0,7
324,R. Nelson,22,RW,Arsenal,England,€6M,Eredivisie,8,0,1,1,76,80%,6,5,1,2,2,1,2,11,6,1,0,0,1,3,1,0,0,0,0,5
325,E. Nketiah,23,ST,Arsenal,England,€6M,Premier League,1,0,0,0,5,100%,0,0,0,0,0,0,0,4,2,2,0,0,1,0,0,0,0,0,0,0
326,J. Worrall,25,CB,Nottingham Forest,England,€6M,Championship,42,0,13,4,2392,74%,12,13,3,25,20,20,13,370,231,84,79,33,35,25,10,0,0,0,0,17
327,L. O'Brien,23,CM,Nottingham Forest,England,€6M,Championship,42,3,28,14,1661,76%,44,54,8,87,55,50,51,470,241,84,42,7,52,64,5,0,0,0,0,11
328,M. Elyounoussi,27,LM,Southampton,Norway,€6M,Premier League,30,4,31,19,603,69%,28,29,3,45,28,28,38,276,119,36,12,2,28,18,4,0,0,0,0,8
329,M. Djenepo,24,LM,Southampton,Mali,€6M,Premier League,27,1,10,2,382,72%,6,9,1,52,27,35,17,264,129,52,10,2,29,39,5,0,0,0,0,7
330,J. Tanganga,23,RWB,Tottenham Hotspur,England,€6M,Premier League,6,0,2,1,199,79%,1,4,1,13,9,2,5,69,33,5,3,1,11,7,2,0,0,0,0,2
331,L. Thomas,21,LB,Leicester City,England,€6M,Premier League,14,1,5,3,405,68%,7,17,3,18,6,7,12,129,65,23,17,0,10,16,2,0,0,0,0,2
332,H. Reed,27,CDM,Fulham,England,€6M,Championship,39,0,13,7,1748,87%,35,56,17,29,16,33,17,243,107,45,37,11,36,25,7,0,0,0,0,15
333,K. Tete,26,RB,Fulham,Netherlands,€6M,Championship,20,2,8,6,931,86%,17,61,18,22,12,8,13,150,80,33,21,2,18,16,1,0,0,0,0,9
334,L. Cook,25,CM,AFC Bournemouth,England,€6M,Championship,28,1,9,3,1168,86%,20,16,4,28,20,14,21,198,110,43,34,5,23,29,5,0,0,0,0,11
335,C. Chambers,27,CB,Aston Villa,England,€5.5M,Premier League 2 Division One,0,0,0,0,0,0%,0,0,0,0,0,0,0,0,0,0,0,0,0,0,0,0,0,0,0,0
336,M. Nakamba,28,CDM,Aston Villa,Zimbabwe,€5.5M,Premier League 2 Divison Two,1,0,0,0,0,0%,0,0,0,0,0,0,0,0,0,0,0,0,0,0,0,0,0,0,0,0
337,M. Dúbravka,33,GK,Manchester United,Slovakia,€5.5M,Premier League,26,0,0,0,752,61%,2,0,0,0,0,1,0,12,10,1,0,0,0,5,1,0,73,54,0,8
338,C. Wood,30,ST,Newcastle United,New Zealand,€5.5M,Premier League,17,2,15,7,320,52%,10,2,0,10,2,1,8,257,125,2,2,2,19,10,0,0,0,0,0,8
339,R. Fraser,28,RM,Newcastle United,Scotland,€5.5M,Premier League,27,2,16,8,386,76%,25,88,33,4,1,8,10,91,38,8,11,1,10,24,3,0,0,0,0,5
340,A. Armstrong,25,ST,Southampton,England,€5.5M,Premier League,25,2,31,14,303,74%,13,18,0,42,16,6,13,126,45,10,3,1,13,6,1,0,0,0,0,5
341,J. Evans,34,CB,Leicester City,Northern Ireland,€5.5M,Premier League,18,1,3,2,999,81%,4,3,0,3,2,8,0,126,86,24,20,13,15,11,3,0,0,0,0,2
342,J. Ayew,30,RW,Crystal Palace,Ghana,€5.5M,Premier League,31,3,20,8,669,82%,23,74,8,71,34,14,77,401,178,47,15,3,38,66,2,0,0,0,0,9
343,K. Mitoma,25,LM,Brighton & Hove Albion,Japan,€5.5M,J-League,20,8,21,16,541,83%,29,13,4,81,43,1,25,168,82,17,3,0,13,16,0,0,0,0,0,9
344,K. Lewis-Potter,21,LW,Brentford,England,€5.5M,League One,42,14,66,30,654,73%,36,44,8,60,25,9,34,260,110,28,18,0,23,43,6,0,0,0,0,18
345,J. Lerma,27,CDM,AFC Bournemouth,Colombia,€5.5M,Championship,34,1,26,8,1446,79%,29,26,5,19,14,9,13,264,146,36,36,6,32,26,8,2,0,0,0,19
346,L. Kelly,23,CB,AFC Bournemouth,England,€5.5M,Championship,41,1,7,1,2913,79%,7,17,3,7,4,8,4,273,177,29,40,18,33,27,6,0,0,0,0,20
347,J. Garner,21,CDM,Everton,England,€5M,Premier League 2 Division One,1,0,0,0,0,0%,0,0,0,0,0,0,0,0,0,0,0,0,0,0,1,0,0,0,0,0
348,J. Gelhardt,20,ST,Leeds United,England,€5M,Premier League,3,0,5,3,26,76%,1,0,0,11,9,1,4,30,16,0,0,0,3,6,1,0,0,0,0,0
349,C. Kelleher,23,GK,Liverpool,Republic of Ireland,€5M,Premier League 2 Division One,5,0,0,0,0,0%,0,0,0,0,0,0,0,0,0,0,0,0,0,0,0,0,0,0,0,3
350,N. Williams,21,RB,Nottingham Forest,Wales,€5M,Premier League,1,0,0,0,8,100%,1,0,0,1,1,0,0,3,1,0,0,0,0,0,0,0,0,0,0,1
351,A. Maitland-Niles,24,RWB,Southampton,England,€5M,Serie A,8,0,2,2,233,79%,5,25,4,10,6,9,2,45,24,9,6,0,6,1,0,0,0,0,0,3
352,B. Gilmour,21,CM,Brighton & Hove Albion,Scotland,€5M,Premier League 2 Division One,2,1,0,0,0,0%,0,0,0,0,0,0,0,0,0,0,0,0,0,0,0,0,0,0,0,0
353,Cédric,30,RB,Arsenal,Portugal,€4.8M,Premier League 2 Division One,0,0,0,0,0,0%,0,0,0,0,0,0,0,0,0,0,0,0,0,0,0,0,0,0,0,0
354,L. Ayling,30,RB,Leeds United,England,€4.8M,Premier League,3,0,1,0,17,50%,1,3,3,4,3,2,1,16,7,2,0,1,1,1,0,0,0,0,0,1
355,Diego Llorente,28,CB,Leeds United,Spain,€4.8M,Premier League 2 Division One,0,0,0,0,0,0%,0,0,0,0,0,0,0,0,0,0,0,0,0,0,0,0,0,0,0,0
356,J. Lascelles,28,CB,Newcastle United,England,€4.8M,Premier League,26,1,13,4,689,69%,4,0,0,2,1,8,2,166,109,15,22,28,17,4,5,0,0,0,0,5
357,Diego Costa,33,ST,Wolverhampton Wanderers,Spain,€4.8M,Serie A,15,4,21,8,212,81%,9,3,0,21,9,3,15,108,44,4,0,0,12,17,3,0,0,0,0,6
358,W. Hughes,27,CM,Crystal Palace,England,€4.8M,Premier League,6,0,2,2,28,77%,0,2,0,0,0,2,1,8,4,3,0,1,0,1,0,0,0,0,0,0
359,D. Welbeck,31,ST,Brighton & Hove Albion,England,€4.8M,Premier League,25,6,39,22,272,80%,17,1,0,22,10,6,22,186,82,13,5,2,17,13,0,0,0,0,0,7
360,J. Anthony,22,LW,AFC Bournemouth,England,€4.8M,Championship,5,0,2,1,41,76%,1,5,1,9,3,2,0,20,8,2,0,0,1,0,0,0,0,0,0,1
361,J. Vestergaard,29,CB,Leicester City,Denmark,€4.7M,Premier League,10,0,1,0,377,82%,1,0,0,4,4,7,0,53,33,15,7,8,4,1,2,0,0,0,0,1
362,Willian,33,RM,Fulham,Brazil,€4.7M,Serie A,14,0,12,7,353,82%,17,33,3,49,34,4,13,123,83,14,8,1,6,30,1,0,0,0,0,6
363,S. Johnstone,29,GK,Crystal Palace,England,€4.7M,Championship,36,0,0,0,1179,55%,4,0,0,1,1,0,0,8,7,0,0,0,1,0,4,1,57,41,1,15
364,L. Cooper,30,CB,Leeds United,Scotland,€4.6M,Premier League,2,0,1,0,85,66%,0,0,0,0,0,3,0,17,8,3,1,0,2,0,0,0,0,0,0,1
365,S. Dallas,31,CM,Leeds United,Northern Ireland,€4.6M,Premier League,34,1,18,9,1351,78%,31,101,25,43,29,49,25,338,184,93,56,13,33,30,5,0,0,0,0,5
366,A. Ogbonna,34,CB,West Ham United,Italy,€4.6M,Premier League,2,0,0,0,8,53%,1,0,0,0,0,0,0,3,2,1,0,0,0,0,0,0,0,0,0,0
367,J. Dasilva,23,CM,Brentford,England,€4.6M,Championship,30,5,29,12,1050,86%,32,30,7,78,49,10,40,232,117,20,6,2,14,38,2,0,0,0,0,9
368,Rúben Vinagre,23,LWB,Everton,Portugal,€4.5M,Super League,2,0,0,0,0,0%,0,0,0,0,0,0,0,0,0,0,0,0,0,0,0,0,0,0,0,1
369,J. Murphy,27,RM,Newcastle United,England,€4.5M,Premier League,33,1,22,5,451,66%,20,54,10,29,13,15,21,191,90,49,23,2,16,15,4,0,0,0,0,6
370,M. Albrighton,32,RM,Leicester City,England,€4.5M,Premier League,17,1,3,1,427,63%,11,78,16,40,15,37,8,152,63,31,14,3,6,13,3,0,0,0,0,4
371,J. Riedewald,25,CDM,Crystal Palace,Netherlands,€4.5M,Premier League,0,0,0,0,0,0%,0,0,0,0,0,0,0,0,0,0,0,0,0,0,0,0,0,0,0,0
372,R. Christie,27,RW,AFC Bournemouth,Scotland,€4.5M,Championship,38,3,56,30,1386,80%,57,119,33,93,37,47,44,401,170,60,40,3,40,51,6,0,0,0,0,18
373,B. Williams,21,LB,Manchester United,England,€4.4M,Premier League 2 Division One,5,0,0,0,0,0%,0,0,0,0,0,0,0,0,0,0,0,0,0,0,0,0,0,0,0,0
374,R. Yates,24,CDM,Nottingham Forest,England,€4.4M,Championship,46,8,47,19,1785,77%,24,13,1,23,15,35,22,498,295,91,53,10,75,85,8,0,0,0,0,17
375,I. Diallo,23,CDM,Southampton,France,€4.4M,Premier League 2 Division One,1,0,0,0,0,0%,0,0,0,0,0,0,0,0,0,0,0,0,0,0,0,0,0,0,0,0
376,Lyanco,25,CB,Southampton,Brazil,€4.2M,Premier League,15,0,3,1,389,67%,3,4,0,4,4,8,2,85,48,18,14,13,13,7,2,0,0,0,0,3
377,C. Summerville,20,RM,Leeds United,Netherlands,€4.1M,Premier League,4,0,0,0,38,83%,0,2,0,5,2,1,2,14,6,3,1,0,1,1,0,0,0,0,0,0
378,W. Gnonto,18,ST,Leeds United,Italy,€4.1M,Super League,26,2,8,3,177,76%,7,21,6,30,16,6,11,121,66,13,5,0,11,32,1,0,0,0,0,7
379,E. Krafth,27,RB,Newcastle United,Sweden,€4.1M,Premier League,1,0,0,0,0,0%,0,0,0,0,0,0,0,0,0,0,0,0,0,0,0,0,0,0,0,0
380,B. Decordova-Reid,29,RM,Fulham,Jamaica,€4.1M,Championship,41,8,40,19,1004,81%,48,41,12,53,23,22,26,217,82,29,16,3,29,22,4,0,0,0,0,16
381,S. McKenna,25,CB,Nottingham Forest,Scotland,€4M,Championship,48,2,8,2,2313,75%,10,10,3,14,9,9,11,358,234,36,50,25,27,16,8,0,0,0,0,18
382,G. Bazunu,20,GK,Southampton,Republic of Ireland,€4M,League One,29,0,0,0,1177,54%,3,0,0,3,3,0,0,13,13,0,1,1,0,8,1,0,86,57,0,4
383,P. Sarr,19,CM,Tottenham Hotspur,Senegal,€4M,CFA Group B,1,0,0,0,0,0%,0,0,0,0,0,0,0,0,0,0,0,0,0,0,0,0,0,0,0,1
384,F. Onyeka,24,CDM,Brentford,Nigeria,€4M,Superliga,27,3,15,7,1004,83%,17,6,5,35,20,23,23,298,161,46,42,6,47,59,5,0,0,0,0,12
385,A. Tuanzebe,24,CB,Manchester United,England,€3.9M,Premier League,9,0,1,1,240,89%,0,1,0,0,0,3,0,39,21,5,5,4,3,3,1,0,0,0,0,3
386,D. Ward,29,GK,Leicester City,Wales,€3.8M,Premier League,1,0,0,0,25,88%,0,0,0,0,0,0,0,0,0,0,0,0,0,0,0,0,4,3,0,0
387,D. Iversen,24,GK,Leicester City,Denmark,€3.7M,Championship,23,0,0,0,672,39%,1,0,0,0,0,2,0,18,14,0,1,0,0,3,0,0,62,37,0,9
388,L. Kurzawa,29,LB,Fulham,France,€3.7M,Ligue 1,0,0,0,0,0,0%,0,0,0,0,0,0,0,0,0,0,0,0,0,0,0,0,0,0,0,0
389,R. Fredericks,29,RB,AFC Bournemouth,England,€3.7M,Premier League 2 Division One,0,0,0,0,0,0%,0,0,0,0,0,0,0,0,0,0,0,0,0,0,0,0,0,0,0,0
390,M. Tavernier,23,CAM,AFC Bournemouth,England,€3.7M,Championship,29,3,36,16,745,73%,39,95,25,67,36,13,64,389,188,49,13,4,25,57,3,0,0,0,0,10
391,N. Phillips,25,CB,Liverpool,England,€3.6M,Premier League,17,1,13,2,1117,84%,7,1,0,2,2,13,3,211,128,22,20,1,20,9,2,0,0,0,0,7
392,J. Stephens,28,CB,AFC Bournemouth,England,€3.6M,Premier League,11,0,0,0,462,75%,4,0,0,2,2,10,1,66,36,19,18,7,8,2,3,0,0,0,0,3
393,C. Archer,20,ST,Aston Villa,England,€3.5M,Premier League,3,0,0,0,4,100%,0,0,0,1,0,0,2,8,1,0,0,0,3,0,0,0,0,0,0,1
394,F. Pellistri,20,RM,Manchester United,Uruguay,€3.5M,Premier League 2 Division One,6,2,0,0,0,0%,0,0,0,0,0,0,0,0,0,0,0,0,0,0,2,0,0,0,0,0
395,N. Mendy,30,CDM,Leicester City,Senegal,€3.5M,Premier League 2 Division One,3,0,0,0,0,0%,0,0,0,0,0,0,0,0,0,0,0,0,0,0,0,0,0,0,0,1
396,S. Duffy,30,CB,Fulham,Republic of Ireland,€3.5M,Premier League,18,1,16,6,1026,86%,4,1,1,1,1,6,0,132,86,15,16,18,15,5,7,0,0,0,0,5
397,T. Cairney,31,CM,Fulham,Scotland,€3.5M,Championship,26,3,10,3,1159,92%,35,39,12,26,22,8,18,121,68,22,4,2,12,13,2,0,0,0,0,11
398,J. van Hecke,22,CB,Brighton & Hove Albion,Netherlands,€3.5M,Eredivisie,28,1,12,2,1428,81%,14,6,1,6,5,14,12,260,151,49,59,6,33,5,6,0,0,0,0,9
399,L. Colwill,19,CB,Brighton & Hove Albion,England,€3.5M,Premier League 2 Division One,18,1,0,0,0,0%,0,0,0,0,0,0,0,0,0,0,0,0,0,0,4,0,0,0,0,3
400,J. Stacey,26,RB,AFC Bournemouth,England,€3.5M,Championship,25,0,6,6,1279,78%,16,61,6,23,13,16,12,173,94,46,40,6,24,7,5,0,0,0,0,11
401,M. Travers,23,GK,AFC Bournemouth,Republic of Ireland,€3.5M,Championship,1,0,0,0,31,41%,0,0,0,0,0,0,0,0,0,0,0,0,0,0,0,0,0,0,0,0
402,M. Klich,32,CM,Leeds United,Poland,€3.3M,Premier League,8,0,0,0,73,78%,5,3,1,3,1,3,1,28,13,9,0,0,7,2,1,0,0,0,0,2
403,J. Milner,36,CM,Liverpool,England,€3.3M,Premier League,24,0,7,2,701,86%,22,43,13,6,2,17,4,108,57,28,17,4,17,14,2,0,0,0,0,15
404,O. Richards,24,LB,Nottingham Forest,England,€3.3M,Championship,41,0,15,7,1627,77%,21,123,24,92,55,26,40,437,257,116,58,5,41,63,8,0,0,0,0,17
405,G. Biancone,22,CB,Nottingham Forest,France,€3.3M,Ligue 1,2,0,1,0,74,60%,2,8,2,3,1,0,2,19,12,3,1,0,1,2,1,0,0,0,0,0
406,N. Patterson,20,RB,Everton,Scotland,€3.2M,Premiership,7,0,1,0,168,84%,4,13,3,7,4,1,2,35,23,7,4,0,3,3,0,0,0,0,0,4
407,Chiquinho,22,RW,Wolverhampton Wanderers,Portugal,€3.1M,Liga Portugal 2,13,0,0,0,0,0%,0,0,0,0,0,0,0,0,0,0,0,0,0,0,2,0,0,0,0,7
408,N. Chalobah,27,CDM,Fulham,England,€3.1M,Championship,20,0,9,0,536,80%,6,4,0,9,8,11,4,101,49,7,18,3,18,16,1,0,0,0,0,7
409,N. Clyne,31,RB,Crystal Palace,England,€3.1M,Premier League 2 Division One,2,0,0,0,0,0%,0,0,0,0,0,0,0,0,0,0,0,0,0,0,0,0,0,0,0,0
410,A. Smith,31,RB,AFC Bournemouth,England,€3.1M,Championship,20,0,4,2,947,81%,14,29,4,19,6,18,13,184,101,46,17,3,19,24,5,1,0,0,0,9
411,J. Zemura,22,LB,AFC Bournemouth,Zimbabwe,€3.1M,Championship,2,0,0,0,3,75%,0,0,0,0,0,0,0,3,1,0,0,0,2,1,0,0,0,0,0,1
412,S. Surridge,23,ST,Nottingham Forest,England,€3M,Championship,17,2,20,13,120,76%,7,7,1,17,9,1,13,109,40,2,2,2,11,11,3,1,0,0,0,6
413,S. Mara,19,ST,Southampton,France,€3M,National 3: Nouvelle-Aquitaine,3,0,0,0,0,0%,0,0,0,0,0,0,0,0,0,0,0,0,0,0,0,0,0,0,0,0
414,Toti Gomes,23,CB,Wolverhampton Wanderers,Portugal,€3M,Challenge League,34,1,0,0,0,0%,0,0,0,0,0,0,0,0,0,0,0,0,0,0,5,1,0,0,0,9
415,L. Milivojević,31,CDM,Crystal Palace,Serbia,€3M,Premier League,15,0,4,0,450,80%,11,43,15,2,2,6,3,72,41,16,11,1,16,10,1,0,0,0,0,4
416,K. Moore,29,ST,AFC Bournemouth,Wales,€3M,Championship,4,4,6,5,30,59%,1,1,0,1,0,0,3,21,8,0,0,0,3,2,0,0,0,0,0,3
417,S. Coleman,33,RB,Everton,Republic of Ireland,€2.9M,Premier League,2,0,1,0,57,81%,1,4,1,4,3,0,3,17,9,2,4,2,0,2,0,0,0,0,0,0
418,D. Bernard,21,CB,Manchester United,England,€2.9M,Premier League 2 Division One,3,0,0,0,0,0%,0,0,0,0,0,0,0,0,0,0,0,0,0,0,1,0,0,0,0,0
419,Ł. Fabiański,37,GK,West Ham United,Poland,€2.9M,Premier League,37,0,0,0,848,60%,0,0,0,0,0,0,1,18,16,0,0,0,1,5,2,0,114,73,3,8
420,N. Kebano,30,LM,Fulham,Congo DR,€2.9M,Championship,40,9,50,26,745,84%,43,156,25,98,48,26,41,352,157,42,14,3,39,50,1,0,0,0,0,16
421,J. Ward,32,RB,Crystal Palace,England,€2.9M,Premier League,28,0,8,1,1445,77%,7,43,4,26,20,27,19,257,144,44,32,11,22,21,8,0,0,0,0,9
422,P. Jansson,31,CB,Brentford,Sweden,€2.9M,Premier League,37,3,17,11,1490,79%,5,1,0,2,2,12,5,263,151,39,51,27,15,8,7,0,0,0,0,8
423,Sergi Canós,25,LW,Brentford,Spain,€2.9M,Premier League,31,3,23,13,665,62%,18,87,14,50,23,27,25,235,103,56,23,3,28,15,7,0,0,0,0,7
424,B. Pearson,27,CDM,AFC Bournemouth,England,€2.9M,Championship,23,0,2,0,479,81%,6,3,1,5,2,17,5,94,42,24,12,2,14,10,4,0,0,0,0,12
425,R. Olsen,32,GK,Aston Villa,Sweden,€2.8M,Serie A,0,0,0,0,0,0%,0,0,0,0,0,0,0,0,0,0,0,0,0,0,0,0,0,0,0,0
426,Joel Robles,32,GK,Leeds United,Spain,€2.8M,La Liga,18,0,0,0,475,60%,1,0,0,0,0,1,0,5,3,0,0,0,1,1,2,0,38,28,1,6
427,Manquillo,28,RB,Newcastle United,Spain,€2.8M,Premier League,19,1,3,2,315,75%,4,9,2,18,10,15,3,130,82,39,10,6,9,17,5,0,0,0,0,3
428,F. Downes,23,CDM,West Ham United,England,€2.7M,League One,24,0,3,0,913,85%,14,3,2,20,13,7,11,209,132,62,34,2,35,34,7,0,0,0,0,10
429,J. Rothwell,27,CM,AFC Bournemouth,England,€2.7M,Championship,39,3,26,15,1265,81%,37,41,6,78,50,29,22,220,102,32,23,3,26,15,6,0,0,0,0,10
430,S. Greenwood,20,CAM,Leeds United,England,€2.6M,Premier League,0,0,0,0,0,0%,0,0,0,0,0,0,0,0,0,0,0,0,0,0,0,0,0,0,0,0
431,J. Lewis,24,LB,Newcastle United,Northern Ireland,€2.6M,Premier League,24,0,2,1,650,74%,14,44,13,24,12,22,13,155,75,37,11,5,18,16,4,0,0,0,0,4
432,E. Anderson,19,CM,Newcastle United,Scotland,€2.6M,Premier League 2 Divison Two,6,5,0,0,0,0%,0,0,0,0,0,0,0,0,0,0,0,0,0,0,0,0,0,0,0,0
433,A. Lallana,34,CM,Brighton & Hove Albion,England,€2.6M,Premier League,24,0,14,4,957,85%,8,3,1,23,14,29,15,152,80,34,16,6,11,17,4,0,0,0,0,7
434,S. Rondón,32,ST,Everton,Venezuela,€2.5M,Premier League,20,1,15,6,184,68%,8,6,1,10,4,10,10,146,52,6,0,0,12,4,3,1,0,0,0,3
435,A. Forshaw,30,CDM,Leeds United,England,€2.5M,Premier League,3,0,0,0,20,86%,1,3,1,1,1,3,0,5,2,0,0,0,0,1,0,0,0,0,0,1
436,C. Drameh,20,RWB,Leeds United,England,€2.5M,Premier League,1,0,0,0,6,83%,0,0,0,2,0,0,0,3,0,0,0,0,1,0,1,0,0,0,0,0
437,P. Dummett,30,CB,Newcastle United,Wales,€2.5M,Premier League 2 Divison Two,0,0,0,0,0,0%,0,0,0,0,0,0,0,0,0,0,0,0,0,0,0,0,0,0,0,0
438,H. Toffolo,26,LWB,Nottingham Forest,England,€2.5M,Championship,45,6,25,11,1511,73%,36,137,27,30,13,14,24,276,144,44,35,9,26,29,5,0,0,0,0,19
439,S. Baptiste,24,CM,Brentford,Grenada,€2.5M,Championship,1,0,0,0,6,83%,2,0,0,1,0,0,1,5,1,0,0,0,1,1,0,0,0,0,0,1
440,M. Ritchie,32,LM,Newcastle United,Scotland,€2.4M,Premier League,18,0,5,1,504,75%,29,104,28,6,4,17,5,102,48,22,13,2,13,9,5,0,0,0,0,1
441,C. Mepham,24,CB,AFC Bournemouth,Wales,€2.3M,Championship,26,1,7,1,1405,77%,5,2,0,8,5,12,8,255,150,44,39,5,32,16,3,1,0,0,0,8
442,C. Palmer,20,CAM,Manchester City,England,€2.2M,Premier League,3,0,2,1,47,88%,2,3,0,1,1,2,2,11,6,2,1,0,1,1,0,0,0,0,0,3
443,K. Darlow,31,GK,Newcastle United,England,€2.2M,Premier League,8,0,0,0,221,59%,0,0,0,0,0,0,0,4,3,0,0,0,1,1,1,0,24,10,0,0
444,T. Mengi,20,CB,Manchester United,England,€2.1M,Premier League 2 Division One,7,0,0,0,0,0%,0,0,0,0,0,0,0,0,0,0,0,0,0,0,0,0,0,0,0,0
445,A. McCarthy,32,GK,Southampton,England,€2.1M,Premier League 2 Divison Two,1,0,0,0,0,0%,0,0,0,0,0,0,0,0,0,0,0,0,0,0,0,0,0,0,0,1
446,R. Lavia,18,CDM,Southampton,Belgium,€2.1M,Premier League,0,0,0,0,0,0%,0,0,0,0,0,0,0,0,0,0,0,0,0,0,0,0,0,0,0,0
447,R. Bertrand,32,LB,Leicester City,England,€2.1M,Premier League,4,0,0,0,145,80%,0,12,2,0,0,3,4,28,10,8,1,3,3,1,1,0,0,0,0,0
448,B. Traoré,20,CM,Wolverhampton Wanderers,Mali,€2.1M,Ligue 1,2,1,1,1,44,77%,0,1,0,0,0,0,0,8,4,3,0,0,3,1,0,0,0,0,0,0
449,J. Sarmiento,20,RM,Brighton & Hove Albion,Ecuador,€2.1M,Premier League,2,0,0,0,7,71%,0,0,0,2,1,2,1,7,3,1,0,0,0,1,0,0,0,0,0,1
450,M. Roerslev,23,RWB,Brentford,Denmark,€2.1M,Championship,20,0,2,0,368,69%,9,36,7,20,7,5,5,82,35,19,9,0,14,5,1,0,0,0,0,8
451,M. Rogers,19,LW,Manchester City,England,€2M,Premier League 2 Division One,4,2,0,0,0,0%,0,0,0,0,0,0,0,0,0,0,0,0,0,0,0,0,0,0,0,0
452,Alejandro Garnacho,18,LW,Manchester United,Argentina,€2M,Premier League 2 Division One,2,0,0,0,0,0%,0,0,0,0,0,0,0,0,0,0,0,0,0,0,0,0,0,0,0,0
453,N. Ferguson,21,LB,Crystal Palace,England,€2M,Championship,21,1,6,5,983,77%,7,17,4,47,30,16,0,0,0,40,18,4,32,28,5,1,0,0,0,3
454,J. Lowe,27,ST,AFC Bournemouth,Jamaica,€2M,Championship,34,7,18,14,321,77%,11,22,6,37,18,9,30,169,52,19,7,1,27,7,3,0,0,0,0,18
455,P. Jones,30,CB,Manchester United,England,€1.9M,Premier League,4,0,0,0,81,76%,0,0,0,1,1,1,0,11,10,5,3,4,0,2,0,0,0,0,0,1
456,C. Coventry,22,CM,West Ham United,Republic of Ireland,€1.9M,Championship,11,0,1,0,316,87%,1,4,0,0,0,5,3,45,18,12,10,5,15,1,1,0,0,0,0,3
457,J. Onomah,25,CM,Fulham,England,€1.9M,Championship,20,1,10,6,408,75%,11,1,1,15,10,8,30,132,59,26,7,2,16,11,1,0,0,0,0,6
458,J. McArthur,34,CDM,Crystal Palace,Scotland,€1.9M,Premier League 2 Division One,0,0,0,0,0,0%,0,0,0,0,0,0,0,0,0,0,0,0,0,0,0,0,0,0,0,0
459,Guaita,35,GK,Crystal Palace,Spain,€1.9M,Premier League,30,0,0,0,797,76%,0,0,0,0,0,0,0,13,11,1,1,0,1,2,2,0,84,50,0,11
460,S. Dembélé,25,ST,AFC Bournemouth,Scotland,€1.9M,League One,42,11,59,35,901,75%,64,16,3,185,117,13,181,652,292,60,19,0,64,110,7,0,0,0,0,16
461,A. Young,36,LM,Aston Villa,England,€1.8M,Premier League,24,0,7,3,519,76%,13,44,8,16,9,5,3,112,66,18,13,4,16,33,2,0,0,0,0,8
462,L. Mbe Soh,21,CB,Nottingham Forest,France,€1.8M,Championship,7,1,2,2,238,73%,3,0,0,1,1,0,0,35,16,2,3,1,7,1,0,0,0,0,0,2
463,L. Hjelde,18,LB,Leeds United,Norway,€1.7M,Premier League,0,0,0,0,0,0%,0,0,0,0,0,0,0,0,0,0,0,0,0,0,0,0,0,0,0,0
464,M. Ebiowei,18,RM,Crystal Palace,England,€1.7M,Premier League 2 Division One,2,0,0,0,0,0%,0,0,0,0,0,0,0,0,0,0,0,0,0,0,0,0,0,0,0,0
465,E. Marcondes,27,CAM,AFC Bournemouth,Denmark,€1.7M,Championship,17,2,13,9,326,76%,24,45,13,8,6,8,11,93,43,13,3,0,13,13,2,0,0,0,0,4
466,C. Chukwuemeka,18,CM,Chelsea,England,€1.6M,Premier League,3,0,1,1,29,69%,1,0,0,3,2,1,1,18,10,3,0,0,0,3,0,0,0,0,0,0
467,L. Karius,29,GK,Newcastle United,Germany,€1.6M,Bundesliga,4,0,0,0,85,52%,0,0,0,0,0,0,0,2,2,0,0,0,0,0,0,0,4,2,0,2
468,S. Cook,31,CB,Nottingham Forest,England,€1.6M,Championship,17,0,13,3,749,70%,4,3,0,7,5,3,2,132,89,14,25,19,11,8,1,0,0,0,0,9
469,J. Butland,29,GK,Crystal Palace,England,€1.6M,Premier League,9,0,0,0,246,71%,0,0,0,0,0,0,0,4,2,0,0,0,0,1,0,0,17,10,1,1
470,O. Hutchinson,18,CAM,Chelsea,Jamaica,€1.5M,Premier League 2 Division One,1,0,0,0,0,0%,0,0,0,0,0,0,0,0,0,0,0,0,0,0,0,0,0,0,0,0
471,K. Klaesson,21,GK,Leeds United,Norway,€1.5M,Premier League,0,0,0,0,0,0%,0,0,0,0,0,0,0,0,0,0,0,0,0,0,0,0,0,0,0,0
472,S. Shoretire,18,RM,Manchester United,England,€1.5M,Premier League 2 Division One,10,4,0,0,0,0%,0,0,0,0,0,0,0,0,0,0,0,0,0,0,4,0,0,0,0,4
473,T. Walcott,33,RM,Southampton,England,€1.5M,Premier League,9,0,4,0,81,84%,1,5,0,3,1,4,1,27,15,4,5,0,1,6,0,0,0,0,0,1
474,C. Ronan,24,CM,Wolverhampton Wanderers,Republic of Ireland,€1.5M,Premier League,0,0,0,0,0,0%,0,0,0,0,0,0,0,0,0,0,0,0,0,0,0,0,0,0,0,0
475,M. Šarkić,24,GK,Wolverhampton Wanderers,Montenegro,€1.5M,Premier League 2 Divison Two,2,0,0,0,0,0%,0,0,0,0,0,0,0,0,0,0,0,0,0,0,0,0,0,0,0,1
476,Zanka,32,CB,Brentford,Denmark,€1.5M,Premier League,8,1,1,1,269,78%,3,7,2,1,0,3,3,47,21,10,10,1,10,1,2,0,0,0,0,2
477,J. Stanislas,32,RM,AFC Bournemouth,England,€1.5M,Championship,7,0,4,3,65,86%,8,9,3,7,2,0,2,16,5,2,0,0,2,1,0,0,0,0,0,5
478,C. Ramsay,18,RB,Liverpool,Scotland,€1.4M,Premiership,4,0,0,0,36,94%,0,3,1,1,0,3,0,9,4,1,0,1,0,2,0,0,0,0,0,1
479,Y. Mosquera,21,CB,Wolverhampton Wanderers,Colombia,€1.4M,Liga BetPlay,12,0,0,0,0,0%,0,0,0,0,0,0,0,0,0,0,0,0,0,0,5,0,0,0,0,6
